{
  "data": [
    {
      "id": "254283484639506", 
      "to": {
        "data": [
          {
            "id": "10205246684181002", 
            "name": "Ankur Jain"
          }, 
          {
            "id": "10152744718896006", 
            "name": "Mehak Mehta"
          }
        ]
      }, 
      "updated_time": "2011-12-24T14:59:24+0000", 
      "unread": 0, 
      "unseen": 0, 
      "comments": {
        "data": [
          {
            "id": "254283484639506_1324738746", 
            "from": {
              "id": "10205246684181002", 
              "name": "Ankur Jain"
            }, 
            "message": "beta", 
            "created_time": "2011-12-24T14:59:06+0000"
          }, 
          {
            "id": "254283484639506_1324738764", 
            "from": {
              "id": "10152744718896006", 
              "name": "Mehak Mehta"
            }, 
            "message": "ha be", 
            "created_time": "2011-12-24T14:59:24+0000"
          }
        ], 
        "paging": {
          "previous": "https://graph.facebook.com/v2.3/254283484639506/comments?limit=25&since=1324738764&__paging_token=enc_AdAOjq0tYjbQcE22cRZA2QiXLlaUso5po8QyGUIWhfXz48ZBWEuOptYC1wO86k9oECNp1MPj4rWgkQaTc8cR852xMZB", 
          "next": "https://graph.facebook.com/v2.3/254283484639506/comments?limit=25&until=1324738746&__paging_token=enc_AdDwXKALz0z3blHYlUsiIVQZAtG0tGYBHvmYHIhiuE7QaB40xtqjOtAN1r5LH50ZAFjtpZCqZCCVr7khQrrdoAjcVZBDO"
        }
      }
    }, 
    {
      "id": "181803405249937", 
      "to": {
        "data": [
          {
            "id": "894895723887064", 
            "name": "Taru Agarwal"
          }, 
          {
            "id": "10152744718896006", 
            "name": "Mehak Mehta"
          }
        ]
      }, 
      "updated_time": "2011-12-18T09:10:58+0000", 
      "unread": 0, 
      "unseen": 0, 
      "comments": {
        "data": [
          {
            "id": "181803405249937_1324199388", 
            "from": {
              "id": "894895723887064", 
              "name": "Taru Agarwal"
            }, 
            "message": "kaise ho sir ji", 
            "created_time": "2011-12-18T09:09:48+0000"
          }, 
          {
            "id": "181803405249937_1324199451", 
            "from": {
              "id": "10152744718896006", 
              "name": "Mehak Mehta"
            }, 
            "message": "badiya tu suna", 
            "created_time": "2011-12-18T09:10:51+0000"
          }, 
          {
            "id": "181803405249937_1324199458", 
            "from": {
              "id": "10152744718896006", 
              "name": "Mehak Mehta"
            }, 
            "message": "kaha hai aaj kal", 
            "created_time": "2011-12-18T09:10:58+0000"
          }
        ], 
        "paging": {
          "previous": "https://graph.facebook.com/v2.3/181803405249937/comments?limit=25&since=1324199458&__paging_token=enc_AdBZC118Dz9ZCFQEvAJ2TBSkz1RYylN3mA6KyMwZAQRQtPCAtA6Nab8nj8hVwN1o1VlLyEkLjrTgst9I8mfCu08Elid", 
          "next": "https://graph.facebook.com/v2.3/181803405249937/comments?limit=25&until=1324199388&__paging_token=enc_AdAyfjQlsW3gKy2PyR0r1LfjgfZCAXFUzNbHTBSlUuLzTysrchep9AhDCFqKvUGuKueIk429QeizNYjdYV6kBc199"
        }
      }
    }, 
    {
      "id": "2320267969775", 
      "to": {
        "data": [
          {
            "id": "982322195134304", 
            "name": "Gurashish Bedi"
          }, 
          {
            "id": "907487982618168", 
            "name": "AruNeha Sharma"
          }, 
          {
            "id": "741867185853515", 
            "name": "Manpreet Singh Sahni"
          }, 
          {
            "id": "823971787650662", 
            "name": "Susanna Castillo"
          }, 
          {
            "id": "811418292252204", 
            "name": "Manish Kohli"
          }, 
          {
            "id": "895191857212163", 
            "name": "Ravinder Kaur"
          }, 
          {
            "id": "691447837599291", 
            "name": "Abhishek Singh Chandi"
          }, 
          {
            "id": "800500913362062", 
            "name": "Harinder Pal Singh Kohli"
          }, 
          {
            "id": "829793517106924", 
            "name": "Balwinder Kaur Anand"
          }, 
          {
            "id": "810366815721856", 
            "name": "Sonia Kohli"
          }, 
          {
            "id": "10204953231688471", 
            "name": "Tiffany Van Sgro"
          }, 
          {
            "id": "10207202861048767", 
            "name": "Beatriz Valdes"
          }, 
          {
            "id": "10202697327374468", 
            "name": "Janice Ann Wyatt Moore"
          }, 
          {
            "id": "10201904500355893", 
            "name": "Susan Rowe"
          }, 
          {
            "id": "10206400814564337", 
            "name": "Pushpinder Nitin"
          }, 
          {
            "id": "10203376619242194", 
            "name": "Cj Moore"
          }, 
          {
            "id": "10204252321174650", 
            "name": "Yash Deepi Kaur"
          }, 
          {
            "id": "10206395093946028", 
            "name": "Nishant Singh"
          }, 
          {
            "id": "10203582097463083", 
            "name": "Rëxiie Kohli"
          }, 
          {
            "id": "10201909999462615", 
            "name": "Catherine Morrow"
          }, 
          {
            "id": "4225321409502", 
            "name": "Manpreet Chandhoke"
          }, 
          {
            "id": "10200994298179522", 
            "name": "Mandeep Kaur Parmar"
          }, 
          {
            "id": "10152744718896006", 
            "name": "Mehak Mehta"
          }, 
          {
            "id": "10153207201047435", 
            "name": "Anushree Sharma"
          }, 
          {
            "id": "10155153688200537", 
            "name": "Antriksh Dadhich"
          }, 
          {
            "id": "10155245810010381", 
            "name": "Pam Baldwin"
          }
        ]
      }, 
      "updated_time": "2011-12-06T08:53:11+0000", 
      "unread": 0, 
      "unseen": 0, 
      "comments": {
        "data": [
          {
            "id": "2320267969775_1323161591", 
            "from": {
              "id": "10203582097463083", 
              "name": "Rëxiie Kohli"
            }, 
            "created_time": "2011-12-06T08:53:11+0000"
          }
        ], 
        "paging": {
          "previous": "https://graph.facebook.com/v2.3/2320267969775/comments?limit=25&since=1323161591&__paging_token=enc_AdBc2PZBhtmSNO5F2ogwFx5UAl1V3LSozqdMKMchhVXAQreD2OYgGcwG2K19e9Ie1EOi6wP52TmK6guRjUO9nDvRw", 
          "next": "https://graph.facebook.com/v2.3/2320267969775/comments?limit=25&until=1323161591&__paging_token=enc_AdBc2PZBhtmSNO5F2ogwFx5UAl1V3LSozqdMKMchhVXAQreD2OYgGcwG2K19e9Ie1EOi6wP52TmK6guRjUO9nDvRw"
        }
      }
    }, 
    {
      "id": "244552995590116", 
      "to": {
        "data": [
          {
            "id": "922328564457243", 
            "name": "Gurmeet Malik"
          }, 
          {
            "id": "10152744718896006", 
            "name": "Mehak Mehta"
          }
        ]
      }, 
      "updated_time": "2011-12-01T15:24:39+0000", 
      "unread": 1, 
      "unseen": 0, 
      "comments": {
        "data": [
          {
            "id": "244552995590116_1315325011", 
            "from": {
              "id": "10152744718896006", 
              "name": "Mehak Mehta"
            }, 
            "message": "hi malik bhai", 
            "created_time": "2011-09-06T16:03:31+0000"
          }, 
          {
            "id": "244552995590116_1315325016", 
            "from": {
              "id": "10152744718896006", 
              "name": "Mehak Mehta"
            }, 
            "message": "pahuch gaye us", 
            "created_time": "2011-09-06T16:03:36+0000"
          }, 
          {
            "id": "244552995590116_1315325505", 
            "from": {
              "id": "922328564457243", 
              "name": "Gurmeet Malik"
            }, 
            "message": "haan bhai ", 
            "created_time": "2011-09-06T16:11:45+0000"
          }, 
          {
            "id": "244552995590116_1315325510", 
            "from": {
              "id": "922328564457243", 
              "name": "Gurmeet Malik"
            }, 
            "message": "pahuch gaya", 
            "created_time": "2011-09-06T16:11:50+0000"
          }, 
          {
            "id": "244552995590116_1315325514", 
            "from": {
              "id": "10152744718896006", 
              "name": "Mehak Mehta"
            }, 
            "message": "mast", 
            "created_time": "2011-09-06T16:11:54+0000"
          }, 
          {
            "id": "244552995590116_1315325528", 
            "from": {
              "id": "10152744718896006", 
              "name": "Mehak Mehta"
            }, 
            "message": "aur kya mastu ki", 
            "created_time": "2011-09-06T16:12:08+0000"
          }, 
          {
            "id": "244552995590116_1315325567", 
            "from": {
              "id": "922328564457243", 
              "name": "Gurmeet Malik"
            }, 
            "message": "kuch nahi abhi tak toh", 
            "created_time": "2011-09-06T16:12:47+0000"
          }, 
          {
            "id": "244552995590116_1315325572", 
            "from": {
              "id": "922328564457243", 
              "name": "Gurmeet Malik"
            }, 
            "message": "aaj first day hai ofc mein", 
            "created_time": "2011-09-06T16:12:52+0000"
          }, 
          {
            "id": "244552995590116_1315325591", 
            "from": {
              "id": "10152744718896006", 
              "name": "Mehak Mehta"
            }, 
            "message": "cool aap to masti karoge hi", 
            "created_time": "2011-09-06T16:13:11+0000"
          }, 
          {
            "id": "244552995590116_1315325605", 
            "from": {
              "id": "10152744718896006", 
              "name": "Mehak Mehta"
            }, 
            "message": "tension to offc walo ko leni hai", 
            "created_time": "2011-09-06T16:13:25+0000"
          }, 
          {
            "id": "244552995590116_1315325609", 
            "from": {
              "id": "10152744718896006", 
              "name": "Mehak Mehta"
            }, 
            "message": "he he", 
            "created_time": "2011-09-06T16:13:29+0000"
          }, 
          {
            "id": "244552995590116_1315325693", 
            "from": {
              "id": "922328564457243", 
              "name": "Gurmeet Malik"
            }, 
            "message": "hmm", 
            "created_time": "2011-09-06T16:14:53+0000"
          }, 
          {
            "id": "244552995590116_1316542121", 
            "from": {
              "id": "922328564457243", 
              "name": "Gurmeet Malik"
            }, 
            "message": "ladke", 
            "created_time": "2011-09-20T18:08:41+0000"
          }, 
          {
            "id": "244552995590116_1316542128", 
            "from": {
              "id": "922328564457243", 
              "name": "Gurmeet Malik"
            }, 
            "message": "kaisa hai banglore", 
            "created_time": "2011-09-20T18:08:48+0000"
          }, 
          {
            "id": "244552995590116_1322752453", 
            "from": {
              "id": "10152744718896006", 
              "name": "Mehak Mehta"
            }, 
            "message": "hi", 
            "created_time": "2011-12-01T15:14:13+0000"
          }, 
          {
            "id": "244552995590116_1322752491", 
            "from": {
              "id": "10152744718896006", 
              "name": "Mehak Mehta"
            }, 
            "message": "kaise ho?", 
            "created_time": "2011-12-01T15:14:51+0000"
          }, 
          {
            "id": "244552995590116_1322752822", 
            "from": {
              "id": "922328564457243", 
              "name": "Gurmeet Malik"
            }, 
            "message": "Ek dum mast bhai", 
            "created_time": "2011-12-01T15:20:22+0000"
          }, 
          {
            "id": "244552995590116_1322752840", 
            "from": {
              "id": "10152744718896006", 
              "name": "Mehak Mehta"
            }, 
            "message": "itni der lag gayi jawab me", 
            "created_time": "2011-12-01T15:20:40+0000"
          }, 
          {
            "id": "244552995590116_1322752852", 
            "from": {
              "id": "10152744718896006", 
              "name": "Mehak Mehta"
            }, 
            "message": "us jake sach me door ho gaye humse", 
            "created_time": "2011-12-01T15:20:52+0000"
          }, 
          {
            "id": "244552995590116_1322752865", 
            "from": {
              "id": "10152744718896006", 
              "name": "Mehak Mehta"
            }, 
            "message": "abhi offc me ho?", 
            "created_time": "2011-12-01T15:21:05+0000"
          }, 
          {
            "id": "244552995590116_1322752902", 
            "from": {
              "id": "10152744718896006", 
              "name": "Mehak Mehta"
            }, 
            "message": "waha kaisa chal raha hai", 
            "created_time": "2011-12-01T15:21:42+0000"
          }, 
          {
            "id": "244552995590116_1322752904", 
            "from": {
              "id": "10152744718896006", 
              "name": "Mehak Mehta"
            }, 
            "message": "?", 
            "created_time": "2011-12-01T15:21:44+0000"
          }, 
          {
            "id": "244552995590116_1322753079", 
            "from": {
              "id": "922328564457243", 
              "name": "Gurmeet Malik"
            }, 
            "message": "Haan Ofc mein hun...tu toh dil mein hai bhai", 
            "created_time": "2011-12-01T15:24:39+0000"
          }
        ], 
        "paging": {
          "previous": "https://graph.facebook.com/v2.3/244552995590116/comments?limit=25&since=1322753079&__paging_token=enc_AdDnoVYCZBGyCfkM4RfllQce52eLsZBKyTPCLI8daipoPzaRYHCRZC8qAz8TwsDUEKF1s4foYOEF1O1lAZBDNJSv86pH", 
          "next": "https://graph.facebook.com/v2.3/244552995590116/comments?limit=25&until=1315325011&__paging_token=enc_AdBjGL6SgQzkxTxfaEW4OkE3axbNccvhOVVDcvGCB6ZCKKIk8hYpYgAckVSi00VBpVeZAQNYUM4iWpXbpqn1nKlSuo"
        }
      }
    }, 
    {
      "id": "130153327095549", 
      "to": {
        "data": [
          {
            "id": "897489470312670", 
            "name": "Amanjot Purewal"
          }, 
          {
            "id": "10152744718896006", 
            "name": "Mehak Mehta"
          }
        ]
      }, 
      "updated_time": "2011-11-26T12:44:53+0000", 
      "unread": 0, 
      "unseen": 0, 
      "comments": {
        "data": [
          {
            "id": "130153327095549_1322311493", 
            "from": {
              "id": "10152744718896006", 
              "name": "Mehak Mehta"
            }, 
            "message": "hi", 
            "created_time": "2011-11-26T12:44:53+0000"
          }
        ], 
        "paging": {
          "previous": "https://graph.facebook.com/v2.3/130153327095549/comments?limit=25&since=1322311493&__paging_token=enc_AdBHZAwXyGw2UMCJICZCSGa9FjKsGjzMzqWwsFT52BMkZCXVqRpvefGI1db7GekIJcZAnC1t2TsSX0QgwZBLdZAxm6THEq", 
          "next": "https://graph.facebook.com/v2.3/130153327095549/comments?limit=25&until=1322311493&__paging_token=enc_AdBHZAwXyGw2UMCJICZCSGa9FjKsGjzMzqWwsFT52BMkZCXVqRpvefGI1db7GekIJcZAnC1t2TsSX0QgwZBLdZAxm6THEq"
        }
      }
    }, 
    {
      "id": "163603710401559", 
      "to": {
        "data": [
          {
            "id": "10153751267345278", 
            "name": "Dhirendra Sharma"
          }, 
          {
            "id": "10152744718896006", 
            "name": "Mehak Mehta"
          }
        ]
      }, 
      "updated_time": "2011-11-07T14:34:42+0000", 
      "unread": 3, 
      "unseen": 0, 
      "comments": {
        "data": [
          {
            "id": "163603710401559_1320676130", 
            "from": {
              "id": "10152744718896006", 
              "name": "Mehak Mehta"
            }, 
            "message": "should I use citibank only", 
            "created_time": "2011-11-07T14:28:50+0000"
          }, 
          {
            "id": "163603710401559_1320676134", 
            "from": {
              "id": "10152744718896006", 
              "name": "Mehak Mehta"
            }, 
            "message": "?", 
            "created_time": "2011-11-07T14:28:54+0000"
          }, 
          {
            "id": "163603710401559_1320676151", 
            "from": {
              "id": "10153751267345278", 
              "name": "Dhirendra Sharma"
            }, 
            "message": "yes", 
            "created_time": "2011-11-07T14:29:11+0000"
          }, 
          {
            "id": "163603710401559_1320676153", 
            "from": {
              "id": "10152744718896006", 
              "name": "Mehak Mehta"
            }, 
            "message": "atm me conversion charge lagta hai kya?", 
            "created_time": "2011-11-07T14:29:13+0000"
          }, 
          {
            "id": "163603710401559_1320676156", 
            "from": {
              "id": "10153751267345278", 
              "name": "Dhirendra Sharma"
            }, 
            "message": "withdraw from citibank", 
            "created_time": "2011-11-07T14:29:16+0000"
          }, 
          {
            "id": "163603710401559_1320676166", 
            "from": {
              "id": "10153751267345278", 
              "name": "Dhirendra Sharma"
            }, 
            "message": "nahi citibank me nahi lagta", 
            "created_time": "2011-11-07T14:29:26+0000"
          }, 
          {
            "id": "163603710401559_1320676168", 
            "from": {
              "id": "10152744718896006", 
              "name": "Mehak Mehta"
            }, 
            "message": "yaha hai kaha bata sakta hai", 
            "created_time": "2011-11-07T14:29:28+0000"
          }, 
          {
            "id": "163603710401559_1320676180", 
            "from": {
              "id": "10152744718896006", 
              "name": "Mehak Mehta"
            }, 
            "message": "I also saw std chartered", 
            "created_time": "2011-11-07T14:29:40+0000"
          }, 
          {
            "id": "163603710401559_1320676207", 
            "from": {
              "id": "10153751267345278", 
              "name": "Dhirendra Sharma"
            }, 
            "message": "tera office kaha hai", 
            "created_time": "2011-11-07T14:30:07+0000"
          }, 
          {
            "id": "163603710401559_1320676211", 
            "from": {
              "id": "10153751267345278", 
              "name": "Dhirendra Sharma"
            }, 
            "message": "samsung digital city me", 
            "created_time": "2011-11-07T14:30:11+0000"
          }, 
          {
            "id": "163603710401559_1320676212", 
            "from": {
              "id": "10153751267345278", 
              "name": "Dhirendra Sharma"
            }, 
            "message": "?", 
            "created_time": "2011-11-07T14:30:12+0000"
          }, 
          {
            "id": "163603710401559_1320676225", 
            "from": {
              "id": "10152744718896006", 
              "name": "Mehak Mehta"
            }, 
            "message": "samsung digital city me", 
            "created_time": "2011-11-07T14:30:25+0000"
          }, 
          {
            "id": "163603710401559_1320676227", 
            "from": {
              "id": "10152744718896006", 
              "name": "Mehak Mehta"
            }, 
            "message": "ha", 
            "created_time": "2011-11-07T14:30:27+0000"
          }, 
          {
            "id": "163603710401559_1320676280", 
            "from": {
              "id": "10153751267345278", 
              "name": "Dhirendra Sharma"
            }, 
            "message": "to nearest \"Paris Baguette\" ke pass :)", 
            "created_time": "2011-11-07T14:31:20+0000"
          }, 
          {
            "id": "163603710401559_1320676301", 
            "from": {
              "id": "10152744718896006", 
              "name": "Mehak Mehta"
            }, 
            "message": "ok walkable hai?", 
            "created_time": "2011-11-07T14:31:41+0000"
          }, 
          {
            "id": "163603710401559_1320676311", 
            "from": {
              "id": "10153751267345278", 
              "name": "Dhirendra Sharma"
            }, 
            "message": "ya max 1.5 km.", 
            "created_time": "2011-11-07T14:31:51+0000"
          }, 
          {
            "id": "163603710401559_1320676326", 
            "from": {
              "id": "10152744718896006", 
              "name": "Mehak Mehta"
            }, 
            "message": "ok mast", 
            "created_time": "2011-11-07T14:32:06+0000"
          }, 
          {
            "id": "163603710401559_1320676330", 
            "from": {
              "id": "10153751267345278", 
              "name": "Dhirendra Sharma"
            }, 
            "message": "or apne guest house ke logo se puch lena", 
            "created_time": "2011-11-07T14:32:10+0000"
          }, 
          {
            "id": "163603710401559_1320676340", 
            "from": {
              "id": "10152744718896006", 
              "name": "Mehak Mehta"
            }, 
            "message": "ok", 
            "created_time": "2011-11-07T14:32:20+0000"
          }, 
          {
            "id": "163603710401559_1320676357", 
            "from": {
              "id": "10153751267345278", 
              "name": "Dhirendra Sharma"
            }, 
            "message": "kab tak lotega?", 
            "created_time": "2011-11-07T14:32:37+0000"
          }, 
          {
            "id": "163603710401559_1320676385", 
            "from": {
              "id": "10152744718896006", 
              "name": "Mehak Mehta"
            }, 
            "message": "next mon-tuesday", 
            "created_time": "2011-11-07T14:33:05+0000"
          }, 
          {
            "id": "163603710401559_1320676403", 
            "from": {
              "id": "10152744718896006", 
              "name": "Mehak Mehta"
            }, 
            "message": "wkend pe kaam karayga ye", 
            "created_time": "2011-11-07T14:33:23+0000"
          }, 
          {
            "id": "163603710401559_1320676473", 
            "from": {
              "id": "10153751267345278", 
              "name": "Dhirendra Sharma"
            }, 
            "message": "hehe koi nahi", 
            "created_time": "2011-11-07T14:34:33+0000"
          }, 
          {
            "id": "163603710401559_1320676482", 
            "from": {
              "id": "10153751267345278", 
              "name": "Dhirendra Sharma"
            }, 
            "message": ":D", 
            "created_time": "2011-11-07T14:34:42+0000"
          }
        ], 
        "paging": {
          "previous": "https://graph.facebook.com/v2.3/163603710401559/comments?limit=25&since=1320676482&__paging_token=enc_AdBL3gXaA2pdJwJA6p7cmfsXZA13aYgjsg1GocU016Oukwu77fxH2SZB0fzk65pmfpaINK8ZAEdKqKhJ39ODCZA1QUmn", 
          "next": "https://graph.facebook.com/v2.3/163603710401559/comments?limit=25&until=1320676130&__paging_token=enc_AdBTEkV0LNi6A9HnMZBRXSJ4r2NdvF3vFRTZCJfFVlGT4Vih6rUrWYPTm1fK1kewbD9ZCWGFpnJmyDZB7bdnOc9TBRR4"
        }
      }
    }, 
    {
      "id": "240636515989970", 
      "to": {
        "data": [
          {
            "id": "853550604659740", 
            "name": "Mukesh Mourya"
          }, 
          {
            "id": "10152744718896006", 
            "name": "Mehak Mehta"
          }
        ]
      }, 
      "updated_time": "2011-11-03T13:27:09+0000", 
      "unread": 0, 
      "unseen": 0, 
      "comments": {
        "data": [
          {
            "id": "240636515989970_1320326829", 
            "from": {
              "id": "853550604659740", 
              "name": "Mukesh Mourya"
            }, 
            "message": ".  Mehak, let's video chat on facebook, click here http://palnow.info/1vjb0kgx  __", 
            "created_time": "2011-11-03T13:27:09+0000"
          }
        ], 
        "paging": {
          "previous": "https://graph.facebook.com/v2.3/240636515989970/comments?limit=25&since=1320326829&__paging_token=enc_AdDwT2MFymr1YGCnrEhFZARTSreqOEXUYsdUAqZAFGZAdfPXgn5jlZBpZCnrEM0rep5RPj3Pws7OM2M02kG64wCvJZB4iZA", 
          "next": "https://graph.facebook.com/v2.3/240636515989970/comments?limit=25&until=1320326829&__paging_token=enc_AdDwT2MFymr1YGCnrEhFZARTSreqOEXUYsdUAqZAFGZAdfPXgn5jlZBpZCnrEM0rep5RPj3Pws7OM2M02kG64wCvJZB4iZA"
        }
      }
    }, 
    {
      "id": "1848134782145", 
      "to": {
        "data": [
          {
            "id": "100002348735247", 
            "name": "Ankit Birla"
          }, 
          {
            "id": "10152744718896006", 
            "name": "Mehak Mehta"
          }
        ]
      }, 
      "updated_time": "2011-10-14T11:30:12+0000", 
      "unread": 0, 
      "unseen": 0, 
      "comments": {
        "data": [
          {
            "id": "1848134782145_1318591812", 
            "from": {
              "id": "100002348735247", 
              "name": "Ankit Birla"
            }, 
            "message": "aur bhai kaisa ahi ,,, kam kaisa chal raha hai", 
            "created_time": "2011-10-14T11:30:12+0000"
          }
        ], 
        "paging": {
          "previous": "https://graph.facebook.com/v2.3/1848134782145/comments?limit=25&since=1318591812&__paging_token=enc_AdAUwqTfEuFSx9YKDaBdpz6htRoLxkoHUafJ0OArkdyg273QZBwK73p50AVxEmgLQWN7FWrCyUP0LL1ET5IYvVM2p", 
          "next": "https://graph.facebook.com/v2.3/1848134782145/comments?limit=25&until=1318591812&__paging_token=enc_AdAUwqTfEuFSx9YKDaBdpz6htRoLxkoHUafJ0OArkdyg273QZBwK73p50AVxEmgLQWN7FWrCyUP0LL1ET5IYvVM2p"
        }
      }
    }, 
    {
      "id": "241637115885303", 
      "to": {
        "data": [
          {
            "id": "855454021181589", 
            "name": "Gagan Juneja"
          }, 
          {
            "id": "10152744718896006", 
            "name": "Mehak Mehta"
          }
        ]
      }, 
      "updated_time": "2011-10-13T13:22:25+0000", 
      "unread": 0, 
      "unseen": 0, 
      "comments": {
        "data": [
          {
            "id": "241637115885303_1318511801", 
            "from": {
              "id": "855454021181589", 
              "name": "Gagan Juneja"
            }, 
            "message": "hi", 
            "created_time": "2011-10-13T13:16:41+0000"
          }, 
          {
            "id": "241637115885303_1318511807", 
            "from": {
              "id": "855454021181589", 
              "name": "Gagan Juneja"
            }, 
            "message": "kya haal hai bhai...", 
            "created_time": "2011-10-13T13:16:47+0000"
          }, 
          {
            "id": "241637115885303_1318511825", 
            "from": {
              "id": "10152744718896006", 
              "name": "Mehak Mehta"
            }, 
            "message": "badiya hai aap sunao", 
            "created_time": "2011-10-13T13:17:05+0000"
          }, 
          {
            "id": "241637115885303_1318511834", 
            "from": {
              "id": "855454021181589", 
              "name": "Gagan Juneja"
            }, 
            "message": "kaisa chal raha hai", 
            "created_time": "2011-10-13T13:17:14+0000"
          }, 
          {
            "id": "241637115885303_1318511864", 
            "from": {
              "id": "10152744718896006", 
              "name": "Mehak Mehta"
            }, 
            "message": "theek hai ", 
            "created_time": "2011-10-13T13:17:44+0000"
          }, 
          {
            "id": "241637115885303_1318511877", 
            "from": {
              "id": "10152744718896006", 
              "name": "Mehak Mehta"
            }, 
            "message": "kuch khaas nahi", 
            "created_time": "2011-10-13T13:17:57+0000"
          }, 
          {
            "id": "241637115885303_1318511901", 
            "from": {
              "id": "10152744718896006", 
              "name": "Mehak Mehta"
            }, 
            "message": "pehle naya laga tha ab wohi routine hai", 
            "created_time": "2011-10-13T13:18:21+0000"
          }, 
          {
            "id": "241637115885303_1318511949", 
            "from": {
              "id": "855454021181589", 
              "name": "Gagan Juneja"
            }, 
            "message": "kaam kaisa hai", 
            "created_time": "2011-10-13T13:19:09+0000"
          }, 
          {
            "id": "241637115885303_1318511962", 
            "from": {
              "id": "10152744718896006", 
              "name": "Mehak Mehta"
            }, 
            "message": "aise hi hai", 
            "created_time": "2011-10-13T13:19:22+0000"
          }, 
          {
            "id": "241637115885303_1318511969", 
            "from": {
              "id": "855454021181589", 
              "name": "Gagan Juneja"
            }, 
            "message": "cloud computing se related kuch kaam hai kya?", 
            "created_time": "2011-10-13T13:19:29+0000"
          }, 
          {
            "id": "241637115885303_1318511973", 
            "from": {
              "id": "10152744718896006", 
              "name": "Mehak Mehta"
            }, 
            "message": "age shayad accha ho", 
            "created_time": "2011-10-13T13:19:33+0000"
          }, 
          {
            "id": "241637115885303_1318512002", 
            "from": {
              "id": "10152744718896006", 
              "name": "Mehak Mehta"
            }, 
            "message": "nahi wo proj doosra hai mujhe  usi se related doosre proj me daala hai", 
            "created_time": "2011-10-13T13:20:02+0000"
          }, 
          {
            "id": "241637115885303_1318512032", 
            "from": {
              "id": "10152744718896006", 
              "name": "Mehak Mehta"
            }, 
            "message": "cloud wala proj start ho gaya tha isliye", 
            "created_time": "2011-10-13T13:20:32+0000"
          }, 
          {
            "id": "241637115885303_1318512051", 
            "from": {
              "id": "855454021181589", 
              "name": "Gagan Juneja"
            }, 
            "message": "ok.. overall kaisa kaam hai learning wise", 
            "created_time": "2011-10-13T13:20:51+0000"
          }, 
          {
            "id": "241637115885303_1318512072", 
            "from": {
              "id": "10152744718896006", 
              "name": "Mehak Mehta"
            }, 
            "message": "abhi kuch khaas nahi but age ke plans achhe hai", 
            "created_time": "2011-10-13T13:21:12+0000"
          }, 
          {
            "id": "241637115885303_1318512086", 
            "from": {
              "id": "855454021181589", 
              "name": "Gagan Juneja"
            }, 
            "message": "ok.. shai hai..", 
            "created_time": "2011-10-13T13:21:26+0000"
          }, 
          {
            "id": "241637115885303_1318512093", 
            "from": {
              "id": "855454021181589", 
              "name": "Gagan Juneja"
            }, 
            "message": "aur bana ke kya haal chaal hain", 
            "created_time": "2011-10-13T13:21:33+0000"
          }, 
          {
            "id": "241637115885303_1318512115", 
            "from": {
              "id": "10152744718896006", 
              "name": "Mehak Mehta"
            }, 
            "message": "sahi hai", 
            "created_time": "2011-10-13T13:21:55+0000"
          }, 
          {
            "id": "241637115885303_1318512129", 
            "from": {
              "id": "855454021181589", 
              "name": "Gagan Juneja"
            }, 
            "message": "saath mein hi reh raha hoga", 
            "created_time": "2011-10-13T13:22:09+0000"
          }, 
          {
            "id": "241637115885303_1318512140", 
            "from": {
              "id": "10152744718896006", 
              "name": "Mehak Mehta"
            }, 
            "message": "haa", 
            "created_time": "2011-10-13T13:22:20+0000"
          }, 
          {
            "id": "241637115885303_1318512145", 
            "from": {
              "id": "855454021181589", 
              "name": "Gagan Juneja"
            }, 
            "message": "gud", 
            "created_time": "2011-10-13T13:22:25+0000"
          }
        ], 
        "paging": {
          "previous": "https://graph.facebook.com/v2.3/241637115885303/comments?limit=25&since=1318512145&__paging_token=enc_AdANdRS3xsNcdhya7PNXSWi3FPlGKY4ZBWpWQPm5iCVPc1ik7Ux91vF03oWd450kpbdz5V5s8cZAsrQCPGjBrdUGxQ", 
          "next": "https://graph.facebook.com/v2.3/241637115885303/comments?limit=25&until=1318511801&__paging_token=enc_AdBzKU5VyQSzBbb0oWGdW99PaEOE9aVSCGMwQucK5qkdvjj5l1qdLA5EflAFzjUDvZArGPHUAFDL58dqMV4p49KVm"
        }
      }
    }, 
    {
      "id": "244388165609655", 
      "to": {
        "data": [
          {
            "id": "672513182858903", 
            "name": "Mahaveer Prasad"
          }, 
          {
            "id": "10152744718896006", 
            "name": "Mehak Mehta"
          }
        ]
      }, 
      "updated_time": "2011-10-08T06:21:47+0000", 
      "unread": 0, 
      "unseen": 0, 
      "comments": {
        "data": [
          {
            "id": "244388165609655_1318053976", 
            "from": {
              "id": "672513182858903", 
              "name": "Mahaveer Prasad"
            }, 
            "message": "hi", 
            "created_time": "2011-10-08T06:06:16+0000"
          }, 
          {
            "id": "244388165609655_1318053984", 
            "from": {
              "id": "10152744718896006", 
              "name": "Mehak Mehta"
            }, 
            "message": "hi", 
            "created_time": "2011-10-08T06:06:24+0000"
          }, 
          {
            "id": "244388165609655_1318053987", 
            "from": {
              "id": "672513182858903", 
              "name": "Mahaveer Prasad"
            }, 
            "message": "how r u", 
            "created_time": "2011-10-08T06:06:27+0000"
          }, 
          {
            "id": "244388165609655_1318054014", 
            "from": {
              "id": "10152744718896006", 
              "name": "Mehak Mehta"
            }, 
            "message": "good aap kaise ho", 
            "created_time": "2011-10-08T06:06:54+0000"
          }, 
          {
            "id": "244388165609655_1318054024", 
            "from": {
              "id": "672513182858903", 
              "name": "Mahaveer Prasad"
            }, 
            "message": "fine", 
            "created_time": "2011-10-08T06:07:04+0000"
          }, 
          {
            "id": "244388165609655_1318054034", 
            "from": {
              "id": "672513182858903", 
              "name": "Mahaveer Prasad"
            }, 
            "message": "where r u", 
            "created_time": "2011-10-08T06:07:14+0000"
          }, 
          {
            "id": "244388165609655_1318054044", 
            "from": {
              "id": "10152744718896006", 
              "name": "Mehak Mehta"
            }, 
            "message": "bangalore", 
            "created_time": "2011-10-08T06:07:24+0000"
          }, 
          {
            "id": "244388165609655_1318054059", 
            "from": {
              "id": "672513182858903", 
              "name": "Mahaveer Prasad"
            }, 
            "message": "pahachana mere ko", 
            "created_time": "2011-10-08T06:07:39+0000"
          }, 
          {
            "id": "244388165609655_1318054145", 
            "from": {
              "id": "10152744718896006", 
              "name": "Mehak Mehta"
            }, 
            "message": "haa bilkul sahab", 
            "created_time": "2011-10-08T06:09:05+0000"
          }, 
          {
            "id": "244388165609655_1318054171", 
            "from": {
              "id": "10152744718896006", 
              "name": "Mehak Mehta"
            }, 
            "message": "where r u", 
            "created_time": "2011-10-08T06:09:31+0000"
          }, 
          {
            "id": "244388165609655_1318054205", 
            "from": {
              "id": "672513182858903", 
              "name": "Mahaveer Prasad"
            }, 
            "message": "Bhuj (gujarat)", 
            "created_time": "2011-10-08T06:10:05+0000"
          }, 
          {
            "id": "244388165609655_1318054230", 
            "from": {
              "id": "10152744718896006", 
              "name": "Mehak Mehta"
            }, 
            "message": "good", 
            "created_time": "2011-10-08T06:10:30+0000"
          }, 
          {
            "id": "244388165609655_1318054293", 
            "from": {
              "id": "10152744718896006", 
              "name": "Mehak Mehta"
            }, 
            "message": "kis company me ho?", 
            "created_time": "2011-10-08T06:11:33+0000"
          }, 
          {
            "id": "244388165609655_1318054589", 
            "from": {
              "id": "672513182858903", 
              "name": "Mahaveer Prasad"
            }, 
            "message": "simplex n u", 
            "created_time": "2011-10-08T06:16:29+0000"
          }, 
          {
            "id": "244388165609655_1318054907", 
            "from": {
              "id": "672513182858903", 
              "name": "Mahaveer Prasad"
            }, 
            "message": "ok byee", 
            "created_time": "2011-10-08T06:21:47+0000"
          }
        ], 
        "paging": {
          "previous": "https://graph.facebook.com/v2.3/244388165609655/comments?limit=25&since=1318054907&__paging_token=enc_AdASP1ZB61uugHti7aaQxOhuIefbhmmbhzhvEKTkKzXJuzER2Ne935BNG08ZB2OdHhiicutoPtgOmzGUZBRD3qbuiyQ", 
          "next": "https://graph.facebook.com/v2.3/244388165609655/comments?limit=25&until=1318053976&__paging_token=enc_AdDCBJlRL4YadzfyiyqW6s5VjF6yMocw5PVBPUZB5GkKLGGoOrQtSYGa7LyZAZAQ9KbzzZBsJQbG4sTl5U765WcLhL5p"
        }
      }
    }, 
    {
      "id": "296689933680880", 
      "to": {
        "data": [
          {
            "id": "10203570500362905", 
            "name": "Sanjay Varin"
          }, 
          {
            "id": "10152744718896006", 
            "name": "Mehak Mehta"
          }
        ]
      }, 
      "updated_time": "2011-10-07T13:20:28+0000", 
      "unread": 0, 
      "unseen": 0, 
      "comments": {
        "data": [
          {
            "id": "296689933680880_1317993311", 
            "from": {
              "id": "10152744718896006", 
              "name": "Mehak Mehta"
            }, 
            "message": "abhi koi plans nahi hai", 
            "created_time": "2011-10-07T13:15:11+0000"
          }, 
          {
            "id": "296689933680880_1317993317", 
            "from": {
              "id": "10152744718896006", 
              "name": "Mehak Mehta"
            }, 
            "message": "tum batao?", 
            "created_time": "2011-10-07T13:15:17+0000"
          }, 
          {
            "id": "296689933680880_1317993335", 
            "from": {
              "id": "10203570500362905", 
              "name": "Sanjay Varin"
            }, 
            "message": "chalo acha h.....aram se kariyo", 
            "created_time": "2011-10-07T13:15:35+0000"
          }, 
          {
            "id": "296689933680880_1317993353", 
            "from": {
              "id": "10152744718896006", 
              "name": "Mehak Mehta"
            }, 
            "message": "matlab teri hone wali hai", 
            "created_time": "2011-10-07T13:15:53+0000"
          }, 
          {
            "id": "296689933680880_1317993381", 
            "from": {
              "id": "10203570500362905", 
              "name": "Sanjay Varin"
            }, 
            "message": "may b Feb me", 
            "created_time": "2011-10-07T13:16:21+0000"
          }, 
          {
            "id": "296689933680880_1317993428", 
            "from": {
              "id": "10152744718896006", 
              "name": "Mehak Mehta"
            }, 
            "message": "congrats", 
            "created_time": "2011-10-07T13:17:08+0000"
          }, 
          {
            "id": "296689933680880_1317993446", 
            "from": {
              "id": "10152744718896006", 
              "name": "Mehak Mehta"
            }, 
            "message": "bhabhi kaha ki hai", 
            "created_time": "2011-10-07T13:17:26+0000"
          }, 
          {
            "id": "296689933680880_1317993457", 
            "from": {
              "id": "10203570500362905", 
              "name": "Sanjay Varin"
            }, 
            "message": "thnx bt nt fixed ", 
            "created_time": "2011-10-07T13:17:37+0000"
          }, 
          {
            "id": "296689933680880_1317993474", 
            "from": {
              "id": "10203570500362905", 
              "name": "Sanjay Varin"
            }, 
            "message": "mere pas ki hi h.........", 
            "created_time": "2011-10-07T13:17:54+0000"
          }, 
          {
            "id": "296689933680880_1317993491", 
            "from": {
              "id": "10152744718896006", 
              "name": "Mehak Mehta"
            }, 
            "message": "ghar jyada jata hoga", 
            "created_time": "2011-10-07T13:18:11+0000"
          }, 
          {
            "id": "296689933680880_1317993495", 
            "from": {
              "id": "10203570500362905", 
              "name": "Sanjay Varin"
            }, 
            "message": "PH.Ed kr rhi h", 
            "created_time": "2011-10-07T13:18:15+0000"
          }, 
          {
            "id": "296689933680880_1317993496", 
            "from": {
              "id": "10152744718896006", 
              "name": "Mehak Mehta"
            }, 
            "message": "ab to", 
            "created_time": "2011-10-07T13:18:16+0000"
          }, 
          {
            "id": "296689933680880_1317993509", 
            "from": {
              "id": "10152744718896006", 
              "name": "Mehak Mehta"
            }, 
            "message": "sahi hai", 
            "created_time": "2011-10-07T13:18:29+0000"
          }, 
          {
            "id": "296689933680880_1317993517", 
            "from": {
              "id": "10152744718896006", 
              "name": "Mehak Mehta"
            }, 
            "message": "he he", 
            "created_time": "2011-10-07T13:18:37+0000"
          }, 
          {
            "id": "296689933680880_1317993524", 
            "from": {
              "id": "10152744718896006", 
              "name": "Mehak Mehta"
            }, 
            "message": "sahi hai", 
            "created_time": "2011-10-07T13:18:44+0000"
          }, 
          {
            "id": "296689933680880_1317993545", 
            "from": {
              "id": "10203570500362905", 
              "name": "Sanjay Varin"
            }, 
            "message": "kya kre jana pdta h yar..........", 
            "created_time": "2011-10-07T13:19:05+0000"
          }, 
          {
            "id": "296689933680880_1317993565", 
            "from": {
              "id": "10152744718896006", 
              "name": "Mehak Mehta"
            }, 
            "message": "samajhta hoon teri majhboori", 
            "created_time": "2011-10-07T13:19:25+0000"
          }, 
          {
            "id": "296689933680880_1317993577", 
            "from": {
              "id": "10203570500362905", 
              "name": "Sanjay Varin"
            }, 
            "message": "thnx bhai", 
            "created_time": "2011-10-07T13:19:37+0000"
          }, 
          {
            "id": "296689933680880_1317993580", 
            "from": {
              "id": "10152744718896006", 
              "name": "Mehak Mehta"
            }, 
            "message": "chal yaar i have to leave for home", 
            "created_time": "2011-10-07T13:19:40+0000"
          }, 
          {
            "id": "296689933680880_1317993588", 
            "from": {
              "id": "10152744718896006", 
              "name": "Mehak Mehta"
            }, 
            "message": "see ya bye", 
            "created_time": "2011-10-07T13:19:48+0000"
          }, 
          {
            "id": "296689933680880_1317993592", 
            "from": {
              "id": "10203570500362905", 
              "name": "Sanjay Varin"
            }, 
            "message": "k bye bhai", 
            "created_time": "2011-10-07T13:19:52+0000"
          }, 
          {
            "id": "296689933680880_1317993601", 
            "from": {
              "id": "10203570500362905", 
              "name": "Sanjay Varin"
            }, 
            "message": "koi gf bnai ki nhi waha pe", 
            "created_time": "2011-10-07T13:20:01+0000"
          }, 
          {
            "id": "296689933680880_1317993613", 
            "from": {
              "id": "10152744718896006", 
              "name": "Mehak Mehta"
            }, 
            "message": "naa yaar", 
            "created_time": "2011-10-07T13:20:13+0000"
          }, 
          {
            "id": "296689933680880_1317993628", 
            "from": {
              "id": "10203570500362905", 
              "name": "Sanjay Varin"
            }, 
            "message": "bna le kb tk sukha rhega", 
            "created_time": "2011-10-07T13:20:28+0000"
          }
        ], 
        "paging": {
          "previous": "https://graph.facebook.com/v2.3/296689933680880/comments?limit=25&since=1317993628&__paging_token=enc_AdDXNlfzWbttZCTuHjTNxG3lBq1hZAFl0VlmffTdhlJVrlBvSksWFJQcBNxmuxBxOLcSw9NfjvCZBfVHb5GTv60m5di", 
          "next": "https://graph.facebook.com/v2.3/296689933680880/comments?limit=25&until=1317993311&__paging_token=enc_AdDwrThlbNRcZADfKqdfcb6tQ8KXGURHVhzIIl0aLSeKPEsrfJi7PabrzC64pbJFdDwK2BGmX18BH5oFsbBWUKZBsP"
        }
      }
    }, 
    {
      "id": "150441105048906", 
      "to": {
        "data": [
          {
            "id": "10205508912636449", 
            "name": "Vijay Saini"
          }, 
          {
            "id": "10152744718896006", 
            "name": "Mehak Mehta"
          }
        ]
      }, 
      "updated_time": "2011-09-20T18:02:55+0000", 
      "unread": 0, 
      "unseen": 0, 
      "comments": {
        "data": [
          {
            "id": "150441105048906_1316541365", 
            "from": {
              "id": "10205508912636449", 
              "name": "Vijay Saini"
            }, 
            "message": "vo bhi to vahi ha..", 
            "created_time": "2011-09-20T17:56:05+0000"
          }, 
          {
            "id": "150441105048906_1316541383", 
            "from": {
              "id": "10152744718896006", 
              "name": "Mehak Mehta"
            }, 
            "message": "ha main aur wo sath rehte hai", 
            "created_time": "2011-09-20T17:56:23+0000"
          }, 
          {
            "id": "150441105048906_1316541398", 
            "from": {
              "id": "10205508912636449", 
              "name": "Vijay Saini"
            }, 
            "message": "badiya ha..", 
            "created_time": "2011-09-20T17:56:38+0000"
          }, 
          {
            "id": "150441105048906_1316541410", 
            "from": {
              "id": "10152744718896006", 
              "name": "Mehak Mehta"
            }, 
            "message": "kabhi milne aa yaar", 
            "created_time": "2011-09-20T17:56:50+0000"
          }, 
          {
            "id": "150441105048906_1316541421", 
            "from": {
              "id": "10152744718896006", 
              "name": "Mehak Mehta"
            }, 
            "message": "tu kis company me hai", 
            "created_time": "2011-09-20T17:57:01+0000"
          }, 
          {
            "id": "150441105048906_1316541436", 
            "from": {
              "id": "10205508912636449", 
              "name": "Vijay Saini"
            }, 
            "message": "to sala delhi ma nahi tha kya is ka center", 
            "created_time": "2011-09-20T17:57:16+0000"
          }, 
          {
            "id": "150441105048906_1316541455", 
            "from": {
              "id": "10205508912636449", 
              "name": "Vijay Saini"
            }, 
            "message": "mai wipro..ma hu..", 
            "created_time": "2011-09-20T17:57:35+0000"
          }, 
          {
            "id": "150441105048906_1316541486", 
            "from": {
              "id": "10152744718896006", 
              "name": "Mehak Mehta"
            }, 
            "message": "nahi main r&d division me hoon", 
            "created_time": "2011-09-20T17:58:06+0000"
          }, 
          {
            "id": "150441105048906_1316541492", 
            "from": {
              "id": "10205508912636449", 
              "name": "Vijay Saini"
            }, 
            "message": "yha jungle ilaka ma kyo aagya..??", 
            "created_time": "2011-09-20T17:58:12+0000"
          }, 
          {
            "id": "150441105048906_1316541496", 
            "from": {
              "id": "10205508912636449", 
              "name": "Vijay Saini"
            }, 
            "message": ":)", 
            "created_time": "2011-09-20T17:58:16+0000"
          }, 
          {
            "id": "150441105048906_1316541544", 
            "from": {
              "id": "10152744718896006", 
              "name": "Mehak Mehta"
            }, 
            "message": "nahi yaar itna bura nahi hai", 
            "created_time": "2011-09-20T17:59:04+0000"
          }, 
          {
            "id": "150441105048906_1316541555", 
            "from": {
              "id": "10152744718896006", 
              "name": "Mehak Mehta"
            }, 
            "message": "mujhe profile theek mila hai", 
            "created_time": "2011-09-20T17:59:15+0000"
          }, 
          {
            "id": "150441105048906_1316541569", 
            "from": {
              "id": "10152744718896006", 
              "name": "Mehak Mehta"
            }, 
            "message": "1-2 saal me wapis chala jaoonga", 
            "created_time": "2011-09-20T17:59:29+0000"
          }, 
          {
            "id": "150441105048906_1316541572", 
            "from": {
              "id": "10205508912636449", 
              "name": "Vijay Saini"
            }, 
            "message": "kis pa ha..", 
            "created_time": "2011-09-20T17:59:32+0000"
          }, 
          {
            "id": "150441105048906_1316541581", 
            "from": {
              "id": "10152744718896006", 
              "name": "Mehak Mehta"
            }, 
            "message": "java", 
            "created_time": "2011-09-20T17:59:41+0000"
          }, 
          {
            "id": "150441105048906_1316541595", 
            "from": {
              "id": "10205508912636449", 
              "name": "Vijay Saini"
            }, 
            "message": "TCS ma kya thi..", 
            "created_time": "2011-09-20T17:59:55+0000"
          }, 
          {
            "id": "150441105048906_1316541619", 
            "from": {
              "id": "10152744718896006", 
              "name": "Mehak Mehta"
            }, 
            "message": "matlab wohi thi idhar reaserch+dev hai", 
            "created_time": "2011-09-20T18:00:19+0000"
          }, 
          {
            "id": "150441105048906_1316541634", 
            "from": {
              "id": "10152744718896006", 
              "name": "Mehak Mehta"
            }, 
            "message": "telecom domain bhi achha hai", 
            "created_time": "2011-09-20T18:00:34+0000"
          }, 
          {
            "id": "150441105048906_1316541644", 
            "from": {
              "id": "10205508912636449", 
              "name": "Vijay Saini"
            }, 
            "message": "chalo acha ha..", 
            "created_time": "2011-09-20T18:00:44+0000"
          }, 
          {
            "id": "150441105048906_1316541658", 
            "from": {
              "id": "10205508912636449", 
              "name": "Vijay Saini"
            }, 
            "message": "samsung achi cmpny ha..", 
            "created_time": "2011-09-20T18:00:58+0000"
          }, 
          {
            "id": "150441105048906_1316541682", 
            "from": {
              "id": "10205508912636449", 
              "name": "Vijay Saini"
            }, 
            "message": "jaldhi..onsite moka mila ga..", 
            "created_time": "2011-09-20T18:01:22+0000"
          }, 
          {
            "id": "150441105048906_1316541690", 
            "from": {
              "id": "10152744718896006", 
              "name": "Mehak Mehta"
            }, 
            "message": "haa abhi to sahi lag raha hai", 
            "created_time": "2011-09-20T18:01:30+0000"
          }, 
          {
            "id": "150441105048906_1316541705", 
            "from": {
              "id": "10152744718896006", 
              "name": "Mehak Mehta"
            }, 
            "message": "ha hai to dekhte hai", 
            "created_time": "2011-09-20T18:01:45+0000"
          }, 
          {
            "id": "150441105048906_1316541724", 
            "from": {
              "id": "10205508912636449", 
              "name": "Vijay Saini"
            }, 
            "message": "telecom ka kya project ha..", 
            "created_time": "2011-09-20T18:02:04+0000"
          }, 
          {
            "id": "150441105048906_1316541775", 
            "from": {
              "id": "10205508912636449", 
              "name": "Vijay Saini"
            }, 
            "message": "pkg kya diya ha..", 
            "created_time": "2011-09-20T18:02:55+0000"
          }
        ], 
        "paging": {
          "previous": "https://graph.facebook.com/v2.3/150441105048906/comments?limit=25&since=1316541775&__paging_token=enc_AdCMcSeVyaFIMEXmdSWIxTf6ZBEYyDwIpdynyYrVE2ZBGZB93s8FUrrS1AsV4sF3ngOvLupBPd86AtHedqpVYF2zoNT", 
          "next": "https://graph.facebook.com/v2.3/150441105048906/comments?limit=25&until=1316541365&__paging_token=enc_AdDpShp0OHD0XFjOQLI5tiy6cfWZAV53TDDPsit5xXydrm0P8eQ7I72uMhkCMk2feLggl37uAyNTMd2oCx6bj9vYw"
        }
      }
    }, 
    {
      "id": "216193158433820", 
      "to": {
        "data": [
          {
            "id": "882075531831327", 
            "name": "Navjot Kaur"
          }, 
          {
            "id": "10152744718896006", 
            "name": "Mehak Mehta"
          }
        ]
      }, 
      "updated_time": "2011-09-06T17:30:43+0000", 
      "unread": 0, 
      "unseen": 0, 
      "comments": {
        "data": [
          {
            "id": "216193158433820_1315324997", 
            "from": {
              "id": "10152744718896006", 
              "name": "Mehak Mehta"
            }, 
            "message": "hi navs", 
            "created_time": "2011-09-06T16:03:17+0000"
          }, 
          {
            "id": "216193158433820_1315330243", 
            "from": {
              "id": "882075531831327", 
              "name": "Navjot Kaur"
            }, 
            "message": "Hi", 
            "created_time": "2011-09-06T17:30:43+0000"
          }
        ], 
        "paging": {
          "previous": "https://graph.facebook.com/v2.3/216193158433820/comments?limit=25&since=1315330243&__paging_token=enc_AdA23VzrRdqW4Gq3AVpGLmsCG8GZC4BqKGAkzj4jZAZBcnPilK9imRwSl2XdKC7LIieMbZAjVSSHmWuUHJy2cvh6nkr3", 
          "next": "https://graph.facebook.com/v2.3/216193158433820/comments?limit=25&until=1315324997&__paging_token=enc_AdD2hTTZCHvVvnAA4RA9ozFWp95eGmXZAnfLlCQG4c6vZCfwQU5PpzpYFx8ZBtljl8hiYFrqd7BZCe8smB5R6lP9A2QuJ"
        }
      }
    }, 
    {
      "id": "2122690699472", 
      "to": {
        "data": [
          {
            "id": "10203349050441735", 
            "name": "Sunil Dagur"
          }, 
          {
            "id": "10152744718896006", 
            "name": "Mehak Mehta"
          }
        ]
      }, 
      "updated_time": "2011-07-27T17:05:31+0000", 
      "unread": 1, 
      "unseen": 0, 
      "comments": {
        "data": [
          {
            "id": "2122690699472_1311781692", 
            "from": {
              "id": "10152744718896006", 
              "name": "Mehak Mehta"
            }, 
            "message": "hi sunil, yaar mujhe tera phone no. chahiye. Please contact asap.", 
            "created_time": "2011-07-27T15:48:12+0000"
          }, 
          {
            "id": "2122690699472_1311786331", 
            "from": {
              "id": "10203349050441735", 
              "name": "Sunil Dagur"
            }, 
            "message": "hi..Mehak... mera no he.. 9742569615", 
            "created_time": "2011-07-27T17:05:31+0000"
          }
        ], 
        "paging": {
          "previous": "https://graph.facebook.com/v2.3/2122690699472/comments?limit=25&since=1311786331&__paging_token=enc_AdAzIqDGHvKVdwDp3c0esL6qNlVTzfAbZCKfBRIIDUwOuUkgZBnIezpv1WuaHdX7pErgGXIZAG7bZBJ2eJnnrWY3CURV", 
          "next": "https://graph.facebook.com/v2.3/2122690699472/comments?limit=25&until=1311781692&__paging_token=enc_AdDZC5F7DZBrxfSwnMULgRVceVAr1snYiv0EZCqZBWvL5JYZAWFV8D4nhgJPNoBYdXI9lP41OZAjDnM8R5qbZA8OxPQOum8"
        }
      }
    }, 
    {
      "id": "1720096130604", 
      "to": {
        "data": [
          {
            "id": "10152744718896006", 
            "name": "Mehak Mehta"
          }
        ]
      }, 
      "updated_time": "2011-06-01T04:21:06+0000", 
      "unread": 0, 
      "unseen": 0, 
      "comments": {
        "data": [
          {
            "id": "1720096130604_1306902066", 
            "message": "hi brother \nwhat is going on?", 
            "created_time": "2011-06-01T04:21:06+0000"
          }
        ], 
        "paging": {
          "previous": "https://graph.facebook.com/v2.3/1720096130604/comments?limit=25&since=1306902066&__paging_token=enc_AdDvWVPZBcHolRC2xiz9VNzX62xo8DiFpvx8cHliHpowZCnmHY6HMaOMlHTj7IVGfNw9lF5ANnomZABMeAU7Q6HP7gi", 
          "next": "https://graph.facebook.com/v2.3/1720096130604/comments?limit=25&until=1306902066&__paging_token=enc_AdDvWVPZBcHolRC2xiz9VNzX62xo8DiFpvx8cHliHpowZCnmHY6HMaOMlHTj7IVGfNw9lF5ANnomZABMeAU7Q6HP7gi"
        }
      }
    }, 
    {
      "id": "1418912567420", 
      "to": {
        "data": [
          {
            "id": "10206516304124336", 
            "name": "Nandan Naik"
          }, 
          {
            "id": "10152744718896006", 
            "name": "Mehak Mehta"
          }
        ]
      }, 
      "updated_time": "2010-12-21T05:33:15+0000", 
      "unread": 0, 
      "unseen": 0, 
      "comments": {
        "data": [
          {
            "id": "1418912567420_1292909595", 
            "from": {
              "id": "10206516304124336", 
              "name": "Nandan Naik"
            }, 
            "message": "many many happy returns of the day", 
            "created_time": "2010-12-21T05:33:15+0000"
          }
        ], 
        "paging": {
          "previous": "https://graph.facebook.com/v2.3/1418912567420/comments?limit=25&since=1292909595&__paging_token=enc_AdCzKOfi0HJklRtUMRdr7RjNIW4ePScGPXaPAWRv3B4mWnWPPUNk9yA31aDYob6wSATMJvypPnWWNEbJWIPU06l2", 
          "next": "https://graph.facebook.com/v2.3/1418912567420/comments?limit=25&until=1292909595&__paging_token=enc_AdCzKOfi0HJklRtUMRdr7RjNIW4ePScGPXaPAWRv3B4mWnWPPUNk9yA31aDYob6wSATMJvypPnWWNEbJWIPU06l2"
        }
      }
    }, 
    {
      "id": "1401211400575", 
      "to": {
        "data": [
          {
            "id": "10152848075710572", 
            "name": "Shobhit Gupta"
          }, 
          {
            "id": "10152744718896006", 
            "name": "Mehak Mehta"
          }
        ]
      }, 
      "updated_time": "2010-05-20T00:49:08+0000", 
      "unread": 0, 
      "unseen": 0, 
      "comments": {
        "data": [
          {
            "id": "1401211400575_1274109582", 
            "from": {
              "id": "10152848075710572", 
              "name": "Shobhit Gupta"
            }, 
            "message": "Abe saale kaisa hai.... Kitne saalon baad shakal dikhi hai teri :) bilkul waisi hi hai par thodi patli ho gayi hai ;)", 
            "created_time": "2010-05-17T15:19:42+0000"
          }, 
          {
            "id": "1401211400575_1274182859", 
            "from": {
              "id": "10152744718896006", 
              "name": "Mehak Mehta"
            }, 
            "message": "hi shobhit belated happy bthday yaar even I m missing u hw ru and where r u nowadays", 
            "created_time": "2010-05-18T11:40:59+0000"
          }, 
          {
            "id": "1401211400575_1274316548", 
            "from": {
              "id": "10152848075710572", 
              "name": "Shobhit Gupta"
            }, 
            "message": "Yaar i am in bangalore..mast hoon tu bata kaisa chal raha hai?", 
            "created_time": "2010-05-20T00:49:08+0000"
          }
        ], 
        "paging": {
          "previous": "https://graph.facebook.com/v2.3/1401211400575/comments?limit=25&since=1274316548&__paging_token=enc_AdBL9arqAVczb5HAhAvxlgjT8KwBu4xpQ7eehLzg63ow7dI1WOuk9BAQndrOoxoNtMJaWxHDUaRZCIEB0ACvJL4it", 
          "next": "https://graph.facebook.com/v2.3/1401211400575/comments?limit=25&until=1274109582&__paging_token=enc_AdCrPQQEEzlBKsCsfCzYcvI0Lq32xopAawLgqF5us6fjXS5rmoZAR3jCjiKKZBXrJnpR0fcJeW2PST0UyGAWoR8KpI"
        }
      }
    }
  ], 
  "paging": {
    "previous": "https://graph.facebook.com/v2.3/10152744718896006/inbox?limit=25&__paging_token=enc_AdD1xrlTnoSnZCM2ZCb5AlZBqgiykZB3HvfPYY5bJ6mHQLS1Ds5bkMCKFZCvlDZCsm7pZCoFEv33eb4SCucJicP9fz92VuI&since=1324738764", 
    "next": "https://graph.facebook.com/v2.3/10152744718896006/inbox?limit=25&__paging_token=enc_AdDfZB8r1rVns4jjZApocxwxDZBmSzEoBBKUgHbIgMUZCB83H8G5cDQbe8ZACzbz4lVwrf44ZD&until=1274316548"
  }, 
  "summary": {
    "unseen_count": 0, 
    "unread_count": 36, 
    "updated_time": "2015-04-30T20:18:43+0000"
  }
}