{
    "data": [
      {
        "id": "10152744718896006_10152872614166006", 
        "from": {
          "id": "10152744718896006", 
          "name": "Mehak Mehta"
        }, 
        "message": "Please watch this video and support to Save the Internet", 
        "picture": "https://fbexternal-a.akamaihd.net/safe_image.php?d=AQBuuz3XjcK7xp4n&w=130&h=130&url=http%3A%2F%2Fi.ytimg.com%2Fvi%2FmfY1NKrzqi0%2Fmaxresdefault.jpg&cfs=1", 
        "name": "AIB : Save The Internet", 
        "description": "Log onto http://www.savetheinternet.in to email to TRAI and spread the message by sharing this video", 
        "icon": "https://www.facebook.com/images/icons/post.gif", 
        "actions": [
          {
            "name": "Comment", 
            "link": "https://www.facebook.com/10152744718896006/posts/10152872614166006"
          }, 
          {
            "name": "Like", 
            "link": "https://www.facebook.com/10152744718896006/posts/10152872614166006"
          }
        ], 
        "privacy": {
          "value": "SELF", 
          "description": "Only Me", 
          "friends": "", 
          "allow": "", 
          "deny": ""
        }, 
        "type": "link", 
        "status_type": "shared_story", 
        "application": {
          "name": "YouTube", 
          "namespace": "yt-fb-app", 
          "id": "87741124305"
        }, 
        "created_time": "2015-04-12T21:19:43+0000", 
        "updated_time": "2015-04-12T21:19:43+0000", 
        "is_hidden": false, 
        "subscribed": true
      }, 
      {
        "id": "10152744718896006_10152826183871006", 
        "from": {
          "id": "10152744718896006", 
          "name": "Mehak Mehta"
        }, 
        "story": "You changed your profile picture.", 
        "picture": "https://scontent.xx.fbcdn.net/hphotos-xpt1/v/t1.0-9/p130x130/1489136_10152826183871006_8221801323590980144_n.jpg?oh=727b350488b2b5b75911376489cd1e09&oe=55D1BA82", 
        "link": "https://www.facebook.com/photo.php?fbid=10152826183871006&set=a.429374916005.217877.639501005&type=1", 
        "name": "Mehak Mehta", 
        "icon": "https://www.facebook.com/images/icons/photo.gif", 
        "actions": [
          {
            "name": "Comment", 
            "link": "https://www.facebook.com/10152744718896006/posts/10152826183871006"
          }, 
          {
            "name": "Like", 
            "link": "https://www.facebook.com/10152744718896006/posts/10152826183871006"
          }
        ], 
        "privacy": {
          "value": "EVERYONE", 
          "description": "Public", 
          "friends": "", 
          "allow": "", 
          "deny": ""
        }, 
        "type": "photo", 
        "status_type": "added_photos", 
        "object_id": "10152826183871006", 
        "created_time": "2015-03-25T06:55:45+0000", 
        "updated_time": "2015-03-28T07:52:20+0000", 
        "is_hidden": false, 
        "subscribed": true, 
        "likes": {
          "data": [
            {
              "id": "10205337019177471", 
              "name": "Abhinav Sharma"
            }, 
            {
              "id": "1425365174432033", 
              "name": "Vinod Malhotra"
            }, 
            {
              "id": "636570153139860", 
              "name": "Amit Kaushik"
            }, 
            {
              "id": "10206516304124336", 
              "name": "Nandan Naik"
            }, 
            {
              "id": "10203439759747227", 
              "name": "Arvind Chourasia"
            }, 
            {
              "id": "10152521450753924", 
              "name": "Dhananjay Malhotra"
            }, 
            {
              "id": "10206623388252577", 
              "name": "Supriya Malhotra"
            }, 
            {
              "id": "864059180307037", 
              "name": "Prince Pranay"
            }, 
            {
              "id": "961459393886863", 
              "name": "Muskan Mehta"
            }, 
            {
              "id": "10203574675424108", 
              "name": "Saurabh Jain"
            }, 
            {
              "id": "805003689521784", 
              "name": "Neha Malhotra"
            }, 
            {
              "id": "843940762361054", 
              "name": "Amaresh Kumar Mishra"
            }, 
            {
              "id": "10205850526930265", 
              "name": "Rohan Bharadwaj"
            }, 
            {
              "id": "1082773565071536", 
              "name": "Shyam Sundar G"
            }, 
            {
              "id": "10204165939811050", 
              "name": "Ranbir Chakraborty"
            }, 
            {
              "id": "915941278466032", 
              "name": "Preeti Khandelwal"
            }, 
            {
              "id": "1566895166901893", 
              "name": "Bhawani Shankar Purohit"
            }, 
            {
              "id": "644513939004114", 
              "name": "Anupama Mehta Malhotra"
            }, 
            {
              "id": "1035061526523617", 
              "name": "Anoop Shaktawath"
            }, 
            {
              "id": "10153067608070982", 
              "name": "Purvi Malhotra Dhingra"
            }, 
            {
              "id": "851356268250610", 
              "name": "Ravi Rawat"
            }, 
            {
              "id": "780054965353052", 
              "name": "Sujan Bolisetti"
            }, 
            {
              "id": "897489470312670", 
              "name": "Amanjot Purewal"
            }, 
            {
              "id": "10202758078335777", 
              "name": "Deepti Malhotra"
            }, 
            {
              "id": "10203777376061255", 
              "name": "Mukesh Turkar"
            }
          ], 
          "paging": {
            "cursors": {
              "after": "MTAyMDM3NzczNzYwNjEyNTU=", 
              "before": "MTAyMDUzMzcwMTkxNzc0NzE="
            }, 
            "next": "https://graph.facebook.com/v2.3/639501005_10152826183871006/likes?limit=25&after=MTAyMDM3NzczNzYwNjEyNTU="
          }
        }, 
        "comments": {
          "data": [
            {
              "id": "10152826183871006_10152826300791006", 
              "from": {
                "id": "1030057137010437", 
                "name": "Manoj Kumar Attri"
              }, 
              "message": "wah dekho kon aaya????... Amit Kaushik", 
              "message_tags": [
                {
                  "id": "636570153139860", 
                  "name": "Amit Kaushik", 
                  "type": "user", 
                  "offset": 26, 
                  "length": 12
                }
              ], 
              "can_remove": true, 
              "created_time": "2015-03-25T08:59:31+0000", 
              "like_count": 1, 
              "user_likes": false
            }, 
            {
              "id": "10152826183871006_10152833726811006", 
              "from": {
                "id": "636570153139860", 
                "name": "Amit Kaushik"
              }, 
              "message": "Kidar h... Mahak mohd...? Good2cu", 
              "can_remove": true, 
              "created_time": "2015-03-28T07:52:20+0000", 
              "like_count": 1, 
              "user_likes": false
            }
          ], 
          "paging": {
            "cursors": {
              "after": "WTI5dGJXVnVkRjlqZFhKemIzSTZNVEF4TlRJNE16TTNNalk0TVRFd01EWTZNVFF5TnpVeU9URTBNQT09", 
              "before": "WTI5dGJXVnVkRjlqZFhKemIzSTZNVEF4TlRJNE1qWXpNREEzT1RFd01EWTZNVFF5TnpJM016azNNUT09"
            }
          }
        }
      }, 
      {
        "id": "10152744718896006_10152825659891006", 
        "from": {
          "id": "10152744718896006", 
          "name": "Mehak Mehta"
        }, 
        "message": "great service", 
        "picture": "https://fbcdn-profile-a.akamaihd.net/hprofile-ak-xaf1/v/t1.0-1/c25.0.200.200/p200x200/10153998_717247164995684_3273360433527176173_n.jpg?oh=1882590d2ac2299e1538e024959855af&oe=55CF0C18&__gda__=1440217374_c9e4a47555503ed13d125273ecf5a9ee", 
        "link": "https://www.facebook.com/dialindia", 
        "name": "Dial91", 
        "description": "Dial91.com provides premium calling services to India and other countries and we maintain our own customer service, routing department on a 24 hour basis. Dial91.com offers a full range of user option features designed to make long-distance easier.", 
        "properties": [
          {
            "name": "Telecommunication", 
            "text": "29,641 like this"
          }
        ], 
        "icon": "https://www.facebook.com/images/icons/post.gif", 
        "actions": [
          {
            "name": "Comment", 
            "link": "https://www.facebook.com/10152744718896006/posts/10152825659891006"
          }, 
          {
            "name": "Like", 
            "link": "https://www.facebook.com/10152744718896006/posts/10152825659891006"
          }
        ], 
        "privacy": {
          "value": "ALL_FRIENDS", 
          "description": "Your friends", 
          "friends": "", 
          "allow": "", 
          "deny": ""
        }, 
        "type": "link", 
        "status_type": "shared_story", 
        "object_id": "173097362744003", 
        "created_time": "2015-03-25T01:53:33+0000", 
        "updated_time": "2015-03-25T01:53:33+0000", 
        "is_hidden": false, 
        "subscribed": true
      }, 
      {
        "id": "10152744718896006_10152793803451006", 
        "from": {
          "id": "10152744718896006", 
          "name": "Mehak Mehta"
        }, 
        "message": "Amazing !!!", 
        "story": "Mehak Mehta shared Arch2O.com's video.", 
        "story_tags": {
          "0": [
            {
              "id": "10152744718896006", 
              "name": "Mehak Mehta", 
              "type": "user", 
              "offset": 0, 
              "length": 11
            }
          ], 
          "19": [
            {
              "id": "282590215085679", 
              "name": "Arch2O.com", 
              "type": "page", 
              "offset": 19, 
              "length": 10
            }
          ], 
          "32": [
            {
              "id": "911258132218881", 
              "name": "", 
              "offset": 32, 
              "length": 5
            }
          ]
        }, 
        "picture": "https://fbcdn-vthumb-a.akamaihd.net/hvthumb-ak-xap1/v/t15.0-10/s130x130/10897560_911262128885148_911258132218881_20893_1174_b.jpg?oh=aad83fb354ee27d5b2b20f89b5078ddc&oe=55D16F71&__gda__=1435987195_25efe9ffc1913d0bd7306221d7525549", 
        "link": "https://www.facebook.com/Arch2OMagazine/videos/911258132218881/", 
        "source": "https://scontent.xx.fbcdn.net/hvideo-xpf1/v/t42.1790-2/10932762_911262012218493_1168520495_n.mp4?efg=eyJxZSI6ImVuY29kZV9vbGRfdG9wX3ZpZGVvX3YyLGVfZnJvbWhkNDI2XzA0MTMiLCJybHIiOjM1OCwicmxhIjo1MTJ9&rl=358&vabr=199&oh=632da747bed72a917b6e6338326925c5&oe=5547F184", 
        "name": "Arch2O.com", 
        "description": "Microsoft is Changing How We Design !", 
        "actions": [
          {
            "name": "Comment", 
            "link": "https://www.facebook.com/10152744718896006/posts/10152793803451006"
          }, 
          {
            "name": "Like", 
            "link": "https://www.facebook.com/10152744718896006/posts/10152793803451006"
          }
        ], 
        "privacy": {
          "value": "SELF", 
          "description": "Only Me", 
          "friends": "", 
          "allow": "", 
          "deny": ""
        }, 
        "type": "video", 
        "status_type": "shared_story", 
        "created_time": "2015-03-12T14:28:06+0000", 
        "updated_time": "2015-03-12T14:28:06+0000", 
        "is_hidden": false, 
        "subscribed": true
      }, 
      {
        "id": "10152744718896006_10152767308616006", 
        "from": {
          "id": "10152744718896006", 
          "name": "Mehak Mehta"
        }, 
        "picture": "https://fbexternal-a.akamaihd.net/safe_image.php?d=AQAA1WB5HSinTEtq&w=130&h=130&url=https%3A%2F%2Fwww.youtube.com%2Fv%2FJ0kC7PI9Zko%3Fautohide%3D1%26version%3D3%26feature%3Dshare%26showinfo%3D1%26autoplay%3D1%26attribution_tag%3DDVC8wCrRxq4&cfs=1", 
        "link": "http://www.youtube.com/attribution_link?a=DVC8wCrRxq4&u=%2Fwatch%3Fv%3DJ0kC7PI9Zko%26feature%3Dshare", 
        "name": "Land Acquisition Bill: Excerpts of Shri Arun Jaitley speech in Rajya Sabha on 26.02.2015", 
        "caption": "Uploaded by Bharatiya Janata Party", 
        "description": "February 26, 2015: Land Acquisition Bill: Excerpts of Shri Arun Jaitley speech in Rajya Sabha.\r\n\r\nGive missed call on 18002662020 to become a BJP member.\r\n\r\n\"सशक्त भाजपा सशक्त भारत\"\r\nसाथ आएं - देश बनाएं | \r\n\r\nभाजपा के सदस्य बनें, मोबाइल से निशुल्क डायल करें 18002662020 \r\n\r\n\r\nJoin us online at http://www.bjp.org/membership.\r\n\r\nDonate at http://www.bjp.org/ma...", 
        "icon": "https://www.facebook.com/images/icons/post.gif", 
        "actions": [
          {
            "name": "Comment", 
            "link": "https://www.facebook.com/10152744718896006/posts/10152767308616006"
          }, 
          {
            "name": "Like", 
            "link": "https://www.facebook.com/10152744718896006/posts/10152767308616006"
          }, 
          {
            "name": "Subscribe on YouTube", 
            "link": "http://www.youtube.com/channel/UCrwE8kVqtIUVUzKui2WVpuQ?sub_confirmation=1"
          }
        ], 
        "privacy": {
          "value": "SELF", 
          "description": "Only Me", 
          "friends": "", 
          "allow": "", 
          "deny": ""
        }, 
        "type": "link", 
        "status_type": "published_story", 
        "application": {
          "name": "YouTube", 
          "namespace": "yt-fb-app", 
          "id": "87741124305"
        }, 
        "created_time": "2015-03-02T01:49:04+0000", 
        "updated_time": "2015-03-02T01:49:04+0000", 
        "is_hidden": false, 
        "subscribed": true
      }, 
      {
        "id": "10152744718896006_10152762457976006", 
        "from": {
          "id": "10152744718896006", 
          "name": "Mehak Mehta"
        }, 
        "story": "Mehak Mehta shared GreenYatra's video.", 
        "story_tags": {
          "0": [
            {
              "id": "10152744718896006", 
              "name": "Mehak Mehta", 
              "type": "user", 
              "offset": 0, 
              "length": 11
            }
          ], 
          "19": [
            {
              "id": "126587470724769", 
              "name": "GreenYatra", 
              "type": "page", 
              "offset": 19, 
              "length": 10
            }
          ], 
          "32": [
            {
              "id": "895795367137305", 
              "name": "", 
              "offset": 32, 
              "length": 5
            }
          ]
        }, 
        "picture": "https://fbcdn-vthumb-a.akamaihd.net/hvthumb-ak-xpf1/v/t15.0-10/s130x130/10897630_895798410470334_895795367137305_13271_1516_b.jpg?oh=5d3201aa3e5e3f2643059d4489c7c02a&oe=55CE76DA&__gda__=1440052281_93440b3e34bad6f67735d0f1ac69a887", 
        "link": "https://www.facebook.com/greenyatra/videos/895795367137305/", 
        "source": "https://scontent.xx.fbcdn.net/hvideo-xpa1/v/t42.1790-2/10924028_895798387137003_987661845_n.mp4?efg=eyJxZSI6ImVuY29kZV9vbGRfdG9wX3ZpZGVvX3YyLGVfZnJvbWhkNDI2XzA0MTMiLCJybHIiOjMwMCwicmxhIjo1MTJ9&rl=300&vabr=149&oh=6d396f05427ff723978eff46ff1b2b8c&oe=5546E7B7", 
        "name": "GreenYatra", 
        "description": "Must share...", 
        "actions": [
          {
            "name": "Comment", 
            "link": "https://www.facebook.com/10152744718896006/posts/10152762457976006"
          }, 
          {
            "name": "Like", 
            "link": "https://www.facebook.com/10152744718896006/posts/10152762457976006"
          }
        ], 
        "privacy": {
          "value": "SELF", 
          "description": "Only Me", 
          "friends": "", 
          "allow": "", 
          "deny": ""
        }, 
        "type": "video", 
        "status_type": "mobile_status_update", 
        "created_time": "2015-02-27T23:59:00+0000", 
        "updated_time": "2015-02-27T23:59:00+0000", 
        "is_hidden": false, 
        "subscribed": true
      }, 
      {
        "id": "10152744718896006_10152576515751006", 
        "from": {
          "id": "806312356105848", 
          "name": "Shivang Nigam"
        }, 
        "to": {
          "data": [
            {
              "id": "10152744718896006", 
              "name": "Mehak Mehta"
            }
          ]
        }, 
        "message": "belated happy birthday", 
        "actions": [
          {
            "name": "Comment", 
            "link": "https://www.facebook.com/10152744718896006/posts/10152576515751006"
          }, 
          {
            "name": "Like", 
            "link": "https://www.facebook.com/10152744718896006/posts/10152576515751006"
          }, 
          {
            "name": "See Friendship", 
            "link": "/profile.php?id=100001812722190&and=639501005"
          }
        ], 
        "privacy": {
          "value": "", 
          "description": "", 
          "friends": "", 
          "allow": "", 
          "deny": ""
        }, 
        "type": "status", 
        "status_type": "wall_post", 
        "created_time": "2014-12-23T15:04:26+0000", 
        "updated_time": "2014-12-23T15:04:26+0000", 
        "is_hidden": false, 
        "subscribed": true
      }, 
      {
        "id": "10152744718896006_10152573432891006", 
        "from": {
          "id": "853550604659740", 
          "name": "Mukesh Mourya"
        }, 
        "story": "Mukesh Mourya and 62 others wrote on your timeline.", 
        "privacy": {
          "value": "", 
          "description": "", 
          "friends": "", 
          "allow": "", 
          "deny": ""
        }, 
        "type": "status", 
        "status_type": "wall_post", 
        "created_time": "2014-12-22T14:15:33+0000", 
        "updated_time": "2014-12-22T14:15:33+0000", 
        "is_hidden": false
      }, 
      {
        "id": "10152744718896006_10152566998431006", 
        "from": {
          "id": "778488992247567", 
          "name": "Roma Khatri"
        }, 
        "to": {
          "data": [
            {
              "id": "10152744718896006", 
              "name": "Mehak Mehta"
            }
          ]
        }, 
        "message": "Many Happy returns of the day and stay blessed", 
        "actions": [
          {
            "name": "Comment", 
            "link": "https://www.facebook.com/10152744718896006/posts/10152566998431006"
          }, 
          {
            "name": "Like", 
            "link": "https://www.facebook.com/10152744718896006/posts/10152566998431006"
          }, 
          {
            "name": "See Friendship", 
            "link": "/profile.php?id=100002594195347&and=639501005"
          }
        ], 
        "privacy": {
          "value": "", 
          "description": "", 
          "friends": "", 
          "allow": "", 
          "deny": ""
        }, 
        "type": "status", 
        "status_type": "wall_post", 
        "created_time": "2014-12-20T07:52:06+0000", 
        "updated_time": "2014-12-20T07:52:06+0000", 
        "is_hidden": false, 
        "subscribed": true
      }, 
      {
        "id": "10152744718896006_10152566967471006", 
        "from": {
          "id": "1562350144024723", 
          "name": "Neha Nichani"
        }, 
        "to": {
          "data": [
            {
              "id": "10152744718896006", 
              "name": "Mehak Mehta"
            }
          ]
        }, 
        "message": "Happy Birthday MEHAK", 
        "actions": [
          {
            "name": "Comment", 
            "link": "https://www.facebook.com/10152744718896006/posts/10152566967471006"
          }, 
          {
            "name": "Like", 
            "link": "https://www.facebook.com/10152744718896006/posts/10152566967471006"
          }, 
          {
            "name": "See Friendship", 
            "link": "/profile.php?id=100007492573166&and=639501005"
          }
        ], 
        "privacy": {
          "value": "", 
          "description": "", 
          "friends": "", 
          "allow": "", 
          "deny": ""
        }, 
        "type": "status", 
        "status_type": "wall_post", 
        "created_time": "2014-12-20T07:19:11+0000", 
        "updated_time": "2014-12-20T07:19:11+0000", 
        "is_hidden": false, 
        "subscribed": true
      }, 
      {
        "id": "10203769263583865_10204725939860174", 
        "from": {
          "id": "10203769263583865", 
          "name": "Naman Mittal"
        }, 
        "with_tags": {
          "data": [
            {
              "id": "1546916429", 
              "name": "Shashi Ranjan"
            }, 
            {
              "id": "625019867587933", 
              "name": "Abhinav Mishra"
            }, 
            {
              "id": "10152564604299601", 
              "name": "Simranjit Singh Sikka"
            }, 
            {
              "id": "744205542329520", 
              "name": "Shashank Jain"
            }, 
            {
              "id": "992318487449978", 
              "name": "Ashish Goel"
            }, 
            {
              "id": "10153120769982229", 
              "name": "Neeraj Devadath"
            }, 
            {
              "id": "10205850526930265", 
              "name": "Rohan Bharadwaj"
            }, 
            {
              "id": "10203252910662403", 
              "name": "Ashwin Tumma"
            }, 
            {
              "id": "10152744718896006", 
              "name": "Mehak Mehta"
            }
          ]
        }, 
        "story": "Naman Mittal added 5 new photos — with Shashi Ranjan and 8 others in Port Jefferson, New York.", 
        "story_tags": {
          "0": [
            {
              "id": "10203769263583865", 
              "name": "Naman Mittal", 
              "type": "user", 
              "offset": 0, 
              "length": 12
            }
          ], 
          "39": [
            {
              "id": "1546916429", 
              "name": "Shashi Ranjan", 
              "type": "user", 
              "offset": 39, 
              "length": 13
            }
          ], 
          "57": [
            {
              "id": "625019867587933", 
              "name": "Abhinav Mishra", 
              "type": "user", 
              "offset": 57, 
              "length": 8
            }, 
            {
              "id": "10152564604299601", 
              "name": "Simranjit Singh Sikka", 
              "type": "user", 
              "offset": 57, 
              "length": 8
            }, 
            {
              "id": "744205542329520", 
              "name": "Shashank Jain", 
              "type": "user", 
              "offset": 57, 
              "length": 8
            }, 
            {
              "id": "992318487449978", 
              "name": "Ashish Goel", 
              "type": "user", 
              "offset": 57, 
              "length": 8
            }, 
            {
              "id": "10153120769982229", 
              "name": "Neeraj Devadath", 
              "type": "user", 
              "offset": 57, 
              "length": 8
            }, 
            {
              "id": "10205850526930265", 
              "name": "Rohan Bharadwaj", 
              "type": "user", 
              "offset": 57, 
              "length": 8
            }, 
            {
              "id": "10203252910662403", 
              "name": "Ashwin Tumma", 
              "type": "user", 
              "offset": 57, 
              "length": 8
            }, 
            {
              "id": "10152744718896006", 
              "name": "Mehak Mehta", 
              "type": "user", 
              "offset": 57, 
              "length": 8
            }
          ], 
          "69": [
            {
              "id": "106274376071504", 
              "name": "Port Jefferson, New York", 
              "type": "page", 
              "offset": 69, 
              "length": 24
            }
          ]
        }, 
        "picture": "https://fbcdn-sphotos-b-a.akamaihd.net/hphotos-ak-xpf1/v/t1.0-9/q84/s130x130/10419947_10204725939860174_1506831615548009684_n.jpg?oh=4eca5b791d79de5e3da16bebd9df1698&oe=55E487EF&__gda__=1439567084_df82af6eb2c9da13e91cf030e680fdbe", 
        "link": "https://www.facebook.com/photo.php?fbid=10204725939860174&set=p.10204725939860174&type=1", 
        "icon": "https://www.facebook.com/images/icons/photo.gif", 
        "privacy": {
          "value": "", 
          "description": "", 
          "friends": "", 
          "allow": "", 
          "deny": ""
        }, 
        "place": {
          "id": "106274376071504", 
          "name": "Port Jefferson, New York", 
          "location": {
            "latitude": 40.9464, 
            "longitude": -73.0697, 
            "zip": "11777"
          }
        }, 
        "type": "photo", 
        "status_type": "added_photos", 
        "object_id": "10204725939860174", 
        "created_time": "2014-12-17T23:19:00+0000", 
        "updated_time": "2014-12-21T00:54:06+0000", 
        "is_hidden": false, 
        "likes": {
          "data": [
            {
              "id": "744205542329520", 
              "name": "Shashank Jain"
            }, 
            {
              "id": "10205852908417565", 
              "name": "Chanchal Ahuja"
            }, 
            {
              "id": "958526137514554", 
              "name": "Vikas Middha"
            }, 
            {
              "id": "10205850526930265", 
              "name": "Rohan Bharadwaj"
            }, 
            {
              "id": "992318487449978", 
              "name": "Ashish Goel"
            }, 
            {
              "id": "1418356041777716", 
              "name": "Shardool Mishra"
            }, 
            {
              "id": "850573218323136", 
              "name": "Alka Mittal"
            }, 
            {
              "id": "822712554439657", 
              "name": "Kumar Bhawesh"
            }, 
            {
              "id": "719677414734775", 
              "name": "Vipin Kumar"
            }, 
            {
              "id": "10202526233850325", 
              "name": "Neha Choudhary"
            }, 
            {
              "id": "756099021089628", 
              "name": "Priya Pipada"
            }, 
            {
              "id": "421451191356259", 
              "name": "Pooja Mittal"
            }, 
            {
              "id": "1075896492427264", 
              "name": "Tapas Mohapatra"
            }, 
            {
              "id": "10153215823693535", 
              "name": "Debasish Goswami"
            }, 
            {
              "id": "10203252910662403", 
              "name": "Ashwin Tumma"
            }
          ], 
          "paging": {
            "cursors": {
              "after": "MTAyMDMyNTI5MTA2NjI0MDM=", 
              "before": "NzQ0MjA1NTQyMzI5NTIw"
            }
          }
        }
      }, 
      {
        "id": "1516645998601550_10152501566126006", 
        "from": {
          "id": "1516645998601550", 
          "name": "Yash Nichani"
        }, 
        "to": {
          "data": [
            {
              "id": "10152744718896006", 
              "name": "Mehak Mehta"
            }
          ]
        }, 
        "message": "Hey Mehak, I made you a video to say thanks for being such a good friend. You can make your own at facebook.com/thanks #saythanks", 
        "message_tags": {
          "4": [
            {
              "id": "10152744718896006", 
              "name": "Mehak Mehta", 
              "type": "user", 
              "offset": 4, 
              "length": 5
            }
          ]
        }, 
        "story": "Yash Nichani made a video for Mehak Mehta.", 
        "story_tags": {
          "0": [
            {
              "id": "1516645998601550", 
              "name": "Yash Nichani", 
              "type": "user", 
              "offset": 0, 
              "length": 12
            }
          ], 
          "30": [
            {
              "id": "10152744718896006", 
              "name": "Mehak Mehta", 
              "type": "user", 
              "offset": 30, 
              "length": 11
            }
          ]
        }, 
        "actions": [
          {
            "name": "Comment", 
            "link": "https://www.facebook.com/1516645998601550/posts/10152501566126006"
          }, 
          {
            "name": "Like", 
            "link": "https://www.facebook.com/1516645998601550/posts/10152501566126006"
          }
        ], 
        "privacy": {
          "value": "", 
          "description": "", 
          "friends": "", 
          "allow": "", 
          "deny": ""
        }, 
        "type": "status", 
        "status_type": "added_video", 
        "created_time": "2014-11-23T06:36:06+0000", 
        "updated_time": "2014-11-23T06:36:06+0000", 
        "is_hidden": false, 
        "subscribed": true
      }, 
      {
        "id": "10152744718896006_10152446909476006", 
        "from": {
          "id": "10152744718896006", 
          "name": "Mehak Mehta"
        }, 
        "picture": "https://fbexternal-a.akamaihd.net/safe_image.php?d=AQDhlT5xo9c6osq-&w=130&h=130&url=http%3A%2F%2Funcubed.com%2Fwp-content%2Fuploads%2F2014%2F10%2FNYC-Trip-Photo.jpg&cfs=1", 
        "link": "http://virl.io/uhRSQgY", 
        "name": "Win a Trip to NYC Uncubed for Two! ", 
        "caption": "uncubed.com", 
        "description": "Enter to win a trip to NYC for two including VIP tickets to Uncubed, airfare, hotel and dinner.     Meet 80+ innovative startups including Architizer, Cover, Priceline, Zenly, Birchbox, BuzzFeed, Venmo and more! ", 
        "icon": "https://www.facebook.com/images/icons/post.gif", 
        "actions": [
          {
            "name": "Comment", 
            "link": "https://www.facebook.com/10152744718896006/posts/10152446909476006"
          }, 
          {
            "name": "Like", 
            "link": "https://www.facebook.com/10152744718896006/posts/10152446909476006"
          }
        ], 
        "privacy": {
          "value": "SELF", 
          "description": "Only Me", 
          "friends": "", 
          "allow": "", 
          "deny": ""
        }, 
        "type": "link", 
        "status_type": "published_story", 
        "application": {
          "name": "Social Promotions", 
          "namespace": "sweepstakesviral", 
          "id": "424426844274364"
        }, 
        "created_time": "2014-10-30T23:46:15+0000", 
        "updated_time": "2014-10-30T23:46:15+0000", 
        "is_hidden": false, 
        "subscribed": true
      }, 
      {
        "id": "10152744718896006_10152444753396006", 
        "from": {
          "id": "10152744718896006", 
          "name": "Mehak Mehta"
        }, 
        "story": "Mehak Mehta shared The Logical Indian's video.", 
        "story_tags": {
          "0": [
            {
              "id": "10152744718896006", 
              "name": "Mehak Mehta", 
              "type": "user", 
              "offset": 0, 
              "length": 11
            }
          ], 
          "19": [
            {
              "id": "426895610773497", 
              "name": "The Logical Indian", 
              "type": "page", 
              "offset": 19, 
              "length": 18
            }
          ], 
          "40": [
            {
              "id": "601887116607678", 
              "name": "", 
              "offset": 40, 
              "length": 5
            }
          ]
        }, 
        "picture": "https://fbcdn-vthumb-a.akamaihd.net/hvthumb-ak-xaf1/v/t15.0-10/s130x130/10751365_601892253273831_601887116607678_53157_1034_b.jpg?oh=182740f7784a9df050e8ca1a13da825b&oe=55D75BDE&__gda__=1439830331_fc6e83e90afed6749597d63f8e5d2d3c", 
        "link": "https://www.facebook.com/logical.indian/videos/601887116607678/", 
        "source": "https://scontent.xx.fbcdn.net/hvideo-xpa1/v/t42.1790-2/10635192_601892403273816_435026570_n.mp4?efg=eyJxZSI6ImVuY29kZV9vbGRfdG9wX3ZpZGVvX3YyLGVfZnJvbWhkNDI2XzA0MTMiLCJybHIiOjM0OSwicmxhIjoxMDE2fQ%3D%3D&rl=349&vabr=194&oh=dc7400af25009d7ae5b76846698af0a8&oe=5547A968", 
        "name": "The Logical Indian", 
        "description": "This novel 3-D animation dives into how our consumption of plastics has affected marine species deaths and increased human health risks, and it explores possible long-term solutions. Motion graphic artist Andreas Tanner uses his compelling infographics to educate viewers on all aspects of plastic production, consumption, and breakdown. “Due to particular currents in the Pacific Ocean, a new continent has been born: a mass of plastic waste the size of Europe.” Tanner also offers ideas for alternative and sustainable buying habits to reduce our reliance on plastic.\n\nCourtesy: National Geographic", 
        "actions": [
          {
            "name": "Comment", 
            "link": "https://www.facebook.com/10152744718896006/posts/10152444753396006"
          }, 
          {
            "name": "Like", 
            "link": "https://www.facebook.com/10152744718896006/posts/10152444753396006"
          }
        ], 
        "privacy": {
          "value": "SELF", 
          "description": "Only Me", 
          "friends": "", 
          "allow": "", 
          "deny": ""
        }, 
        "type": "video", 
        "status_type": "shared_story", 
        "created_time": "2014-10-30T04:04:12+0000", 
        "updated_time": "2014-10-30T04:04:12+0000", 
        "is_hidden": false, 
        "subscribed": true
      }, 
      {
        "id": "10152744718896006_10152420995261006", 
        "from": {
          "id": "10152744718896006", 
          "name": "Mehak Mehta"
        }, 
        "picture": "https://fbexternal-a.akamaihd.net/safe_image.php?d=AQA2pEzAlIQ3Vyjh&w=130&h=130&url=https%3A%2F%2Fwww.filepicker.io%2Fapi%2Ffile%2FnPugkPmQKC94xI8EBDad&cfs=1", 
        "link": "http://is.gd/9LwnN2", 
        "name": "Enter To Win: Nexus 6 (32GB) Android smartphone", 
        "caption": "is.gd", 
        "description": "Mehak just entered to win Nexus 6 (32GB) Android smartphone & you can too. Click here to enter the giveaway!", 
        "icon": "https://www.facebook.com/images/icons/post.gif", 
        "actions": [
          {
            "name": "Comment", 
            "link": "https://www.facebook.com/10152744718896006/posts/10152420995261006"
          }, 
          {
            "name": "Like", 
            "link": "https://www.facebook.com/10152744718896006/posts/10152420995261006"
          }
        ], 
        "privacy": {
          "value": "SELF", 
          "description": "Only Me", 
          "friends": "", 
          "allow": "", 
          "deny": ""
        }, 
        "type": "link", 
        "status_type": "published_story", 
        "application": {
          "name": "Giveaway Widget App", 
          "id": "334899416630508"
        }, 
        "created_time": "2014-10-19T17:09:55+0000", 
        "updated_time": "2014-10-19T17:09:55+0000", 
        "is_hidden": false, 
        "subscribed": true
      }, 
      {
        "id": "10152744718896006_10152315432381006", 
        "from": {
          "id": "975406732484081", 
          "name": "Pankaj Sharma"
        }, 
        "to": {
          "data": [
            {
              "id": "10152744718896006", 
              "name": "Mehak Mehta"
            }
          ]
        }, 
        "picture": "https://fbexternal-a.akamaihd.net/safe_image.php?d=AQB4jGPpqnIGZB_U&w=130&h=130&url=https%3A%2F%2Fcc1.midasplayer.com%2Fimages%2Fopengraph%2Fhigh_res%2FFriendBeaten_600.png%3F_v%3D2tvn5y&cfs=1", 
        "link": "http://apps.facebook.com/candycrush/?urlMessage=SXt6ZTPrSSUijU-jdMW56LafyD_L4BWcTnyy1v_WlOQ%3AMSMxOTY4MTY1ODM2MjYjMTQyNDUzMTI4MSNnaXZlR29sZCMxMCMxNDA5ODA4NjIwIzIjc2hhcmVHb2xkVG9Vc2VyIw", 
        "name": "Mehak, I beat your score at level 105!", 
        "caption": "I got 127660 points... 12560 points more than you!", 
        "description": "Click on the image to challenge me!", 
        "icon": "https://www.facebook.com/images/icons/post.gif", 
        "actions": [
          {
            "name": "Comment", 
            "link": "https://www.facebook.com/10152744718896006/posts/10152315432381006"
          }, 
          {
            "name": "Like", 
            "link": "https://www.facebook.com/10152744718896006/posts/10152315432381006"
          }
        ], 
        "privacy": {
          "value": "", 
          "description": "", 
          "friends": "", 
          "allow": "", 
          "deny": ""
        }, 
        "type": "link", 
        "status_type": "published_story", 
        "application": {
          "name": "Candy Crush Saga", 
          "namespace": "candycrush", 
          "id": "210831918949520"
        }, 
        "created_time": "2014-09-04T05:30:24+0000", 
        "updated_time": "2014-09-04T05:30:24+0000", 
        "is_hidden": false, 
        "subscribed": true
      }, 
      {
        "id": "10152744718896006_1465130090410359", 
        "from": {
          "id": "1579888162267884", 
          "name": "Yash Nichani"
        }, 
        "to": {
          "data": [
            {
              "id": "10152744718896006", 
              "name": "Mehak Mehta"
            }
          ]
        }, 
        "story": "Yash Nichani shared a photo to your timeline.", 
        "story_tags": {
          "0": [
            {
              "id": "1579888162267884", 
              "name": "Yash Nichani", 
              "type": "user", 
              "offset": 0, 
              "length": 12
            }
          ], 
          "22": [
            {
              "id": "782557568478289", 
              "name": "", 
              "offset": 22, 
              "length": 5
            }
          ], 
          "36": [
            {
              "id": "10152744718896006", 
              "name": "Mehak Mehta", 
              "type": "user", 
              "offset": 36, 
              "length": 8
            }
          ]
        }, 
        "picture": "https://fbcdn-sphotos-e-a.akamaihd.net/hphotos-ak-xaf1/v/t1.0-9/s130x130/10561774_782557568478289_5864700408039642462_n.png?oh=23e8a18a1fb739fd65baf8bcce6e9981&oe=55DEDC29&__gda__=1439665870_94e14c3e62798ecd365dd2cc85d030bb", 
        "link": "https://www.facebook.com/suvichaar/photos/a.253380051396046.68213.242471832486868/782557568478289/?type=1", 
        "name": "सुविचार", 
        "description": "Agar Zindagi Itni Achchhi Hoti To Hum Rote Huye Nahi Aate!\nPar Agar Zindagi Itni Buri Hoti To Hum Logon Ko Rulate Huye Nahi Jate!!", 
        "actions": [
          {
            "name": "Comment", 
            "link": "https://www.facebook.com/10152744718896006/posts/1465130090410359"
          }, 
          {
            "name": "Like", 
            "link": "https://www.facebook.com/10152744718896006/posts/1465130090410359"
          }
        ], 
        "privacy": {
          "value": "", 
          "description": "", 
          "friends": "", 
          "allow": "", 
          "deny": ""
        }, 
        "type": "photo", 
        "status_type": "shared_story", 
        "object_id": "782557568478289", 
        "created_time": "2014-08-07T14:02:45+0000", 
        "updated_time": "2014-08-07T14:02:45+0000", 
        "is_hidden": false, 
        "subscribed": true
      }, 
      {
        "id": "10152744718896006_10152248371276006", 
        "from": {
          "id": "10152744718896006", 
          "name": "Mehak Mehta"
        }, 
        "message": "Awesome movie made by my friend!!! Kindly share if u like it", 
        "picture": "https://fbexternal-a.akamaihd.net/safe_image.php?d=AQDKz9VRTcPHqvcJ&w=130&h=130&url=http%3A%2F%2Fi.vimeocdn.com%2Fvideo%2F484546205_1280.jpg&cfs=1", 
        "link": "https://vimeo.com/102515300", 
        "name": "SNOW REEL # 1", 
        "caption": "vimeo.com", 
        "description": "The first edit of our REEL series. For this edit, we picked skiing in the mighty himalayas. We took the footage while skiing with some of our friends just at the…", 
        "icon": "https://www.facebook.com/images/icons/post.gif", 
        "actions": [
          {
            "name": "Comment", 
            "link": "https://www.facebook.com/10152744718896006/posts/10152248371276006"
          }, 
          {
            "name": "Like", 
            "link": "https://www.facebook.com/10152744718896006/posts/10152248371276006"
          }
        ], 
        "privacy": {
          "value": "SELF", 
          "description": "Only Me", 
          "friends": "", 
          "allow": "", 
          "deny": ""
        }, 
        "type": "link", 
        "status_type": "shared_story", 
        "created_time": "2014-08-05T17:50:05+0000", 
        "updated_time": "2014-08-05T17:50:05+0000", 
        "is_hidden": false, 
        "subscribed": true
      }, 
      {
        "id": "10152744718896006_10152334595356006", 
        "from": {
          "id": "10152744718896006", 
          "name": "Mehak Mehta"
        }, 
        "story": "You added a life event from August 2014: Started School at Stony Brook University.", 
        "actions": [
          {
            "name": "Comment", 
            "link": "https://www.facebook.com/10152744718896006/posts/10152334595356006"
          }, 
          {
            "name": "Like", 
            "link": "https://www.facebook.com/10152744718896006/posts/10152334595356006"
          }
        ], 
        "privacy": {
          "value": "EVERYONE", 
          "description": "Public", 
          "friends": "", 
          "allow": "", 
          "deny": ""
        }, 
        "type": "status", 
        "created_time": "2014-08-01T07:00:00+0000", 
        "updated_time": "2014-09-13T01:44:45+0000", 
        "is_hidden": false, 
        "subscribed": true, 
        "likes": {
          "data": [
            {
              "id": "10205772682948132", 
              "name": "Aditi Malhotra Khanna"
            }, 
            {
              "id": "10153067608070982", 
              "name": "Purvi Malhotra Dhingra"
            }
          ], 
          "paging": {
            "cursors": {
              "after": "MTAxNTMwNjc2MDgwNzA5ODI=", 
              "before": "MTAyMDU3NzI2ODI5NDgxMzI="
            }
          }
        }
      }, 
      {
        "id": "10152744718896006_10152235685866006", 
        "from": {
          "id": "10152744718896006", 
          "name": "Mehak Mehta"
        }, 
        "story": "Mehak Mehta and Saransh Zargar are now friends.", 
        "story_tags": {
          "0": [
            {
              "id": "10152744718896006", 
              "name": "Mehak Mehta", 
              "type": "user", 
              "offset": 0, 
              "length": 11
            }
          ], 
          "16": [
            {
              "id": "10204762013382545", 
              "name": "Saransh Zargar", 
              "type": "user", 
              "offset": 16, 
              "length": 14
            }
          ]
        }, 
        "actions": [
          {
            "name": "Comment", 
            "link": "https://www.facebook.com/10152744718896006/posts/10152235685866006"
          }, 
          {
            "name": "Like", 
            "link": "https://www.facebook.com/10152744718896006/posts/10152235685866006"
          }
        ], 
        "privacy": {
          "value": "", 
          "description": "", 
          "friends": "", 
          "allow": "", 
          "deny": ""
        }, 
        "type": "status", 
        "created_time": "2014-07-30T16:02:29+0000", 
        "updated_time": "2014-07-30T16:02:29+0000", 
        "is_hidden": false, 
        "subscribed": true
      }, 
      {
        "id": "10152744718896006_10152229527671006", 
        "from": {
          "id": "10152744718896006", 
          "name": "Mehak Mehta"
        }, 
        "story": "Mehak Mehta and Vasu Jain are now friends.", 
        "story_tags": {
          "0": [
            {
              "id": "10152744718896006", 
              "name": "Mehak Mehta", 
              "type": "user", 
              "offset": 0, 
              "length": 11
            }
          ], 
          "16": [
            {
              "id": "762174369", 
              "name": "Vasu Jain", 
              "type": "user", 
              "offset": 16, 
              "length": 9
            }
          ]
        }, 
        "actions": [
          {
            "name": "Comment", 
            "link": "https://www.facebook.com/10152744718896006/posts/10152229527671006"
          }, 
          {
            "name": "Like", 
            "link": "https://www.facebook.com/10152744718896006/posts/10152229527671006"
          }
        ], 
        "privacy": {
          "value": "", 
          "description": "", 
          "friends": "", 
          "allow": "", 
          "deny": ""
        }, 
        "type": "status", 
        "created_time": "2014-07-27T19:33:47+0000", 
        "updated_time": "2014-07-27T19:33:47+0000", 
        "is_hidden": false, 
        "subscribed": true
      }, 
      {
        "id": "10152744718896006_10152195989331006", 
        "from": {
          "id": "10152744718896006", 
          "name": "Mehak Mehta"
        }, 
        "story": "Mehak Mehta and Shashi Ranjan are now friends.", 
        "story_tags": {
          "0": [
            {
              "id": "10152744718896006", 
              "name": "Mehak Mehta", 
              "type": "user", 
              "offset": 0, 
              "length": 11
            }
          ], 
          "16": [
            {
              "id": "1546916429", 
              "name": "Shashi Ranjan", 
              "type": "user", 
              "offset": 16, 
              "length": 13
            }
          ]
        }, 
        "actions": [
          {
            "name": "Comment", 
            "link": "https://www.facebook.com/10152744718896006/posts/10152195989331006"
          }, 
          {
            "name": "Like", 
            "link": "https://www.facebook.com/10152744718896006/posts/10152195989331006"
          }
        ], 
        "privacy": {
          "value": "", 
          "description": "", 
          "friends": "", 
          "allow": "", 
          "deny": ""
        }, 
        "type": "status", 
        "created_time": "2014-07-11T19:47:40+0000", 
        "updated_time": "2014-07-11T19:47:40+0000", 
        "is_hidden": false, 
        "subscribed": true
      }, 
      {
        "id": "10152744718896006_1467463783498257", 
        "from": {
          "id": "1608527719391862", 
          "name": "Sai Raghavendra Bloomfields"
        }, 
        "to": {
          "data": [
            {
              "id": "10152744718896006", 
              "name": "Mehak Mehta"
            }
          ]
        }, 
        "message": "Hi All Bloomfield Members,\nRequest you to vote for the Ramagondanahalli - Borewell Road complaint. Lets support it out. Plz spend 2 min of time in this. The Link Is - http://www.ichangemycity.com/complaints/unusable-road.", 
        "picture": "https://fbexternal-a.akamaihd.net/safe_image.php?d=AQAp3Rx0m102mpPy&w=130&h=130&url=http%3A%2F%2Fwww.ichangemycity.com%2Fsites%2Fdefault%2Ffiles%2FDSC_4760-64312.jpg&cfs=1", 
        "link": "http://www.ichangemycity.com/complaints/unusable-road", 
        "name": "www.ichangemycity.com", 
        "caption": "ichangemycity.com", 
        "icon": "https://www.facebook.com/images/icons/post.gif", 
        "actions": [
          {
            "name": "Comment", 
            "link": "https://www.facebook.com/10152744718896006/posts/1467463783498257"
          }, 
          {
            "name": "Like", 
            "link": "https://www.facebook.com/10152744718896006/posts/1467463783498257"
          }
        ], 
        "privacy": {
          "value": "", 
          "description": "", 
          "friends": "", 
          "allow": "", 
          "deny": ""
        }, 
        "type": "link", 
        "status_type": "shared_story", 
        "created_time": "2014-06-23T12:26:54+0000", 
        "updated_time": "2014-06-23T12:26:54+0000", 
        "is_hidden": false, 
        "subscribed": true
      }, 
      {
        "id": "10152744718896006_10152089027571006", 
        "from": {
          "id": "10152744718896006", 
          "name": "Mehak Mehta"
        }, 
        "story": "Mehak Mehta and Ankit Taparia are now friends.", 
        "story_tags": {
          "0": [
            {
              "id": "10152744718896006", 
              "name": "Mehak Mehta", 
              "type": "user", 
              "offset": 0, 
              "length": 11
            }
          ], 
          "16": [
            {
              "id": "1032510686", 
              "name": "Ankit Taparia", 
              "type": "user", 
              "offset": 16, 
              "length": 13
            }
          ]
        }, 
        "actions": [
          {
            "name": "Comment", 
            "link": "https://www.facebook.com/10152744718896006/posts/10152089027571006"
          }, 
          {
            "name": "Like", 
            "link": "https://www.facebook.com/10152744718896006/posts/10152089027571006"
          }
        ], 
        "privacy": {
          "value": "", 
          "description": "", 
          "friends": "", 
          "allow": "", 
          "deny": ""
        }, 
        "type": "status", 
        "created_time": "2014-05-22T18:34:09+0000", 
        "updated_time": "2014-05-22T18:34:09+0000", 
        "is_hidden": false, 
        "subscribed": true
      }, 
      {
        "id": "10152744718896006_10152059837001006", 
        "from": {
          "id": "10152744718896006", 
          "name": "Mehak Mehta"
        }, 
        "story": "Mehak Mehta shared Samudra Pathak - SP's photo.", 
        "story_tags": {
          "0": [
            {
              "id": "10152744718896006", 
              "name": "Mehak Mehta", 
              "type": "user", 
              "offset": 0, 
              "length": 11
            }
          ], 
          "19": [
            {
              "id": "484890724953781", 
              "name": "Samudra Pathak - SP", 
              "type": "page", 
              "offset": 19, 
              "length": 19
            }
          ], 
          "41": [
            {
              "id": "499681563474697", 
              "name": "", 
              "offset": 41, 
              "length": 5
            }
          ]
        }, 
        "picture": "https://scontent.xx.fbcdn.net/hphotos-xaf1/v/t1.0-9/s130x130/1891113_499681563474697_523237690_n.jpg?oh=c6654ccdbf7b8d89574ecd21b9332529&oe=55D7615E", 
        "link": "https://www.facebook.com/484890724953781/photos/a.486890578087129.1073741828.484890724953781/499681563474697/?type=1", 
        "name": "Samudra Pathak - SP", 
        "actions": [
          {
            "name": "Comment", 
            "link": "https://www.facebook.com/10152744718896006/posts/10152059837001006"
          }, 
          {
            "name": "Like", 
            "link": "https://www.facebook.com/10152744718896006/posts/10152059837001006"
          }
        ], 
        "privacy": {
          "value": "ALL_FRIENDS", 
          "description": "Your friends", 
          "friends": "", 
          "allow": "", 
          "deny": ""
        }, 
        "type": "photo", 
        "status_type": "shared_story", 
        "object_id": "499681563474697", 
        "created_time": "2014-05-08T12:27:47+0000", 
        "updated_time": "2014-05-08T12:27:47+0000", 
        "is_hidden": false, 
        "subscribed": true
      }
    ], 
    "paging": {
      "previous": "https://graph.facebook.com/v2.3/10152744718896006/feed?since=1428873583&limit=25&__paging_token=enc_AdBxxBPZCzvB9zzciKNmZAuL0q1DjbZAKUS18IeRlNbAVwcqWxAj5EZBPtQ73c0T2f52idh2oPRO5V4t1dWZAJwC2KV4Y", 
      "next": "https://graph.facebook.com/v2.3/10152744718896006/feed?limit=25&until=1399552067&__paging_token=enc_AdDgi6qgiuKDiQwX1u4HC0Y5Pmy63lxKCZB8lTm5Y9soQ9Vd8tBdSKpzjSef5lWBDyXTCpB1VpkjfDEjHZA4MQmclg"
    }
}