{
  "data": [
    {
      "id": "10152744718896006_10151942656616006", 
      "from": {
        "id": "10152744718896006", 
        "name": "Mehak Mehta"
      }, 
      "story": "Mehak Mehta shared Zig Ziglar's photo.", 
      "story_tags": {
        "0": [
          {
            "id": "10152744718896006", 
            "name": "Mehak Mehta", 
            "type": "user", 
            "offset": 0, 
            "length": 11
          }
        ], 
        "19": [
          {
            "id": "163583187862", 
            "name": "Zig Ziglar", 
            "type": "page", 
            "offset": 19, 
            "length": 10
          }
        ], 
        "32": [
          {
            "id": "10152258478797863", 
            "name": "", 
            "offset": 32, 
            "length": 5
          }
        ]
      }, 
      "picture": "https://fbcdn-sphotos-d-a.akamaihd.net/hphotos-ak-xpf1/v/t1.0-9/p130x130/1743640_10152258478797863_408293868_n.jpg?oh=9a7f406e2381dbc27ad5ac98cc19d40a&oe=55D778B4&__gda__=1440847838_d956e706f39d4a7637adef4a0c0cba82", 
      "link": "https://www.facebook.com/ZigZiglar/photos/a.10151939698197863.1073741827.163583187862/10152258478797863/?type=1", 
      "name": "Zig Ziglar", 
      "description": "Always do more than you are paid to do. Provide more service than others expect. Refine your skills and become better every day. It's the only way to gain and maintain a a competitive edge. \nmore at Tom Ziglar", 
      "actions": [
        {
          "name": "Comment", 
          "link": "https://www.facebook.com/10152744718896006/posts/10151942656616006"
        }, 
        {
          "name": "Like", 
          "link": "https://www.facebook.com/10152744718896006/posts/10151942656616006"
        }
      ], 
      "privacy": {
        "value": "ALL_FRIENDS", 
        "description": "Your friends", 
        "friends": "", 
        "allow": "", 
        "deny": ""
      }, 
      "type": "photo", 
      "status_type": "shared_story", 
      "object_id": "10152258478797863", 
      "created_time": "2014-03-06T12:03:20+0000", 
      "updated_time": "2014-03-06T12:03:20+0000", 
      "is_hidden": false, 
      "subscribed": true
    }, 
    {
      "id": "10152744718896006_10151908567626006", 
      "from": {
        "id": "10152744718896006", 
        "name": "Mehak Mehta"
      }, 
      "story": "Mehak Mehta shared a link.", 
      "story_tags": {
        "0": [
          {
            "id": "10152744718896006", 
            "name": "Mehak Mehta", 
            "type": "user", 
            "offset": 0, 
            "length": 11
          }
        ]
      }, 
      "picture": "https://fbexternal-a.akamaihd.net/safe_image.php?d=AQAv65iUjOVwIE3t&w=130&h=130&url=https%3A%2F%2Fd262ilb51hltx0.cloudfront.net%2Fmax%2F900%2F1%2ADsEH7PLPuom0DFHro7CwZg.jpeg&cfs=1&sx=165&sy=0&sw=723&sh=723", 
      "link": "http://engineering.foursquare.com/2014/01/30/good-tech-lead-bad-tech-lead/", 
      "name": "Good Tech Lead, Bad Tech Lead | Foursquare Engineering Blog", 
      "caption": "engineering.foursquare.com", 
      "description": "Good tech leads act as a member of the team, and consider themselves successful when the team is successful. They take the unsexy grungy work and clear roadblocks so their team can operate at 100%. They work to broaden the technical capabilities of their team, making sure knowledge of critical syste...", 
      "icon": "https://www.facebook.com/images/icons/post.gif", 
      "actions": [
        {
          "name": "Comment", 
          "link": "https://www.facebook.com/10152744718896006/posts/10151908567626006"
        }, 
        {
          "name": "Like", 
          "link": "https://www.facebook.com/10152744718896006/posts/10151908567626006"
        }
      ], 
      "privacy": {
        "value": "ALL_FRIENDS", 
        "description": "Your friends", 
        "friends": "", 
        "allow": "", 
        "deny": ""
      }, 
      "type": "link", 
      "status_type": "shared_story", 
      "created_time": "2014-02-15T13:22:10+0000", 
      "updated_time": "2014-02-16T10:06:30+0000", 
      "is_hidden": false, 
      "subscribed": true, 
      "likes": {
        "data": [
          {
            "id": "10200944094804454", 
            "name": "Sumit Bindal"
          }
        ], 
        "paging": {
          "cursors": {
            "after": "MTAyMDA5NDQwOTQ4MDQ0NTQ=", 
            "before": "MTAyMDA5NDQwOTQ4MDQ0NTQ="
          }
        }
      }, 
      "comments": {
        "data": [
          {
            "id": "10151908567626006_29452797", 
            "from": {
              "id": "10152240273141426", 
              "name": "Shubham Srivastava"
            }, 
            "message": "In anycase a Good person will be a good lead who is Ethical and doesn't looks to win at all cost.Unethical means will give success only in short term but never in long term.\nSo lets not be selfish,mean and backstab anyone ,lets follow an ethical,selfless approach . Success and respect as a Lead will automatically come...", 
            "can_remove": true, 
            "created_time": "2014-02-16T10:06:30+0000", 
            "like_count": 1, 
            "user_likes": true
          }
        ], 
        "paging": {
          "cursors": {
            "after": "WTI5dGJXVnVkRjlqZFhKemIzSTZNVEF4TlRFNU1UQXlPVGswTnpZd01EWTZNamswTlRJM09UYz0=", 
            "before": "WTI5dGJXVnVkRjlqZFhKemIzSTZNVEF4TlRFNU1UQXlPVGswTnpZd01EWTZNamswTlRJM09UYz0="
          }
        }
      }
    }, 
    {
      "id": "10152744718896006_10151891938841006", 
      "from": {
        "id": "10152744718896006", 
        "name": "Mehak Mehta"
      }, 
      "story": "Mehak Mehta shared a link.", 
      "story_tags": {
        "0": [
          {
            "id": "10152744718896006", 
            "name": "Mehak Mehta", 
            "type": "user", 
            "offset": 0, 
            "length": 11
          }
        ]
      }, 
      "picture": "https://fbexternal-a.akamaihd.net/safe_image.php?d=AQCoMMBP2V8Qoz3-&w=130&h=130&url=http%3A%2F%2Fs4.firstpost.in%2Fwp-content%2Fuploads%2F2014%2F02%2FSatya-Nadella_microsoft_7.jpg&cfs=1&sx=0&sy=0&sw=285&sh=285", 
      "link": "http://www.firstpost.com/india/nadella-as-microsoft-ceo-a-slap-in-the-face-for-indian-system-1374951.html", 
      "name": "Nadella as Microsoft CEO: A slap in the face for Indian system", 
      "caption": "firstpost.com", 
      "description": "We can feel a touch of pride at the elevation of Satya Nadella as Microsoft CEO, but it is also a slap in the face of our system which sends talent offshore rather than growing them here.", 
      "icon": "https://www.facebook.com/images/icons/post.gif", 
      "actions": [
        {
          "name": "Comment", 
          "link": "https://www.facebook.com/10152744718896006/posts/10151891938841006"
        }, 
        {
          "name": "Like", 
          "link": "https://www.facebook.com/10152744718896006/posts/10151891938841006"
        }
      ], 
      "privacy": {
        "value": "ALL_FRIENDS", 
        "description": "Your friends", 
        "friends": "", 
        "allow": "", 
        "deny": ""
      }, 
      "type": "link", 
      "status_type": "shared_story", 
      "created_time": "2014-02-06T12:20:50+0000", 
      "updated_time": "2014-02-06T12:20:50+0000", 
      "is_hidden": false, 
      "subscribed": true
    }, 
    {
      "id": "10152744718896006_10151877686431006", 
      "from": {
        "id": "10152744718896006", 
        "name": "Mehak Mehta"
      }, 
      "story": "Mehak Mehta shared Faking News's photo.", 
      "story_tags": {
        "0": [
          {
            "id": "10152744718896006", 
            "name": "Mehak Mehta", 
            "type": "user", 
            "offset": 0, 
            "length": 11
          }
        ], 
        "19": [
          {
            "id": "137723270230", 
            "name": "Faking News", 
            "type": "page", 
            "offset": 19, 
            "length": 11
          }
        ], 
        "33": [
          {
            "id": "10153714376035231", 
            "name": "", 
            "offset": 33, 
            "length": 5
          }
        ]
      }, 
      "picture": "https://scontent.xx.fbcdn.net/hphotos-xpf1/v/t1.0-9/s130x130/1795736_10153714376035231_1434521392_n.png?oh=6a300eabe2805cbe4eec98b87e4734df&oe=55D9E866", 
      "link": "https://www.facebook.com/fakingnews/photos/a.10151574752095231.838198.137723270230/10153714376035231/?type=1", 
      "name": "Faking News", 
      "description": "Rahul Gandhi's interview answers", 
      "actions": [
        {
          "name": "Comment", 
          "link": "https://www.facebook.com/10152744718896006/posts/10151877686431006"
        }, 
        {
          "name": "Like", 
          "link": "https://www.facebook.com/10152744718896006/posts/10151877686431006"
        }
      ], 
      "privacy": {
        "value": "ALL_FRIENDS", 
        "description": "Your friends", 
        "friends": "", 
        "allow": "", 
        "deny": ""
      }, 
      "type": "photo", 
      "status_type": "shared_story", 
      "object_id": "10153714376035231", 
      "created_time": "2014-01-29T12:33:04+0000", 
      "updated_time": "2014-01-29T12:33:04+0000", 
      "is_hidden": false, 
      "subscribed": true
    }, 
    {
      "id": "10152744718896006_10151801497361006", 
      "from": {
        "id": "10204093222519517", 
        "name": "Kishore Babu Ch"
      }, 
      "story": "Kishore Babu Ch and 47 others wrote on your timeline.", 
      "privacy": {
        "value": "", 
        "description": "", 
        "friends": "", 
        "allow": "", 
        "deny": ""
      }, 
      "type": "status", 
      "status_type": "wall_post", 
      "created_time": "2013-12-22T18:18:52+0000", 
      "updated_time": "2013-12-22T18:18:52+0000", 
      "is_hidden": false
    }, 
    {
      "id": "10152744718896006_10151798714151006", 
      "from": {
        "id": "851894071497917", 
        "name": "Pradeep Yadav"
      }, 
      "to": {
        "data": [
          {
            "id": "10152744718896006", 
            "name": "Mehak Mehta"
          }
        ]
      }, 
      "message": "Happy bday", 
      "icon": "https://www.facebook.com/images/icons/post.gif", 
      "actions": [
        {
          "name": "Comment", 
          "link": "https://www.facebook.com/10152744718896006/posts/10151798714151006"
        }, 
        {
          "name": "Like", 
          "link": "https://www.facebook.com/10152744718896006/posts/10151798714151006"
        }
      ], 
      "privacy": {
        "value": "", 
        "description": "", 
        "friends": "", 
        "allow": "", 
        "deny": ""
      }, 
      "type": "link", 
      "status_type": "published_story", 
      "application": {
        "name": "Birthday Reminder", 
        "id": "270891186259592"
      }, 
      "created_time": "2013-12-21T04:49:24+0000", 
      "updated_time": "2013-12-21T04:49:24+0000", 
      "is_hidden": false, 
      "subscribed": true, 
      "likes": {
        "data": [
          {
            "id": "10152744718896006", 
            "name": "Mehak Mehta"
          }
        ], 
        "paging": {
          "cursors": {
            "after": "MTAxNTI3NDQ3MTg4OTYwMDY=", 
            "before": "MTAxNTI3NDQ3MTg4OTYwMDY="
          }
        }
      }
    }, 
    {
      "id": "10152744718896006_10151598085896006", 
      "from": {
        "id": "10152744718896006", 
        "name": "Mehak Mehta"
      }, 
      "story": "Mehak Mehta shared a link.", 
      "story_tags": {
        "0": [
          {
            "id": "10152744718896006", 
            "name": "Mehak Mehta", 
            "type": "user", 
            "offset": 0, 
            "length": 11
          }
        ]
      }, 
      "picture": "https://fbexternal-a.akamaihd.net/safe_image.php?d=AQC0gxiPdjazjVy3&w=130&h=130&url=http%3A%2F%2Fwww.fakingnews.firstpost.com%2Fwp-content%2Fuploads%2F2013%2F09%2Fmms-office-8.jpg&cfs=1", 
      "link": "http://www.fakingnews.firstpost.com/2013/09/manmohan-singh-becomes-ms-office-assistant-to-rahul-gandhi/", 
      "name": "Manmohan Singh becomes MS Office Assistant to Rahul Gandhi", 
      "caption": "fakingnews.firstpost.com", 
      "description": "Microsoft has turned MMS into MS Office Assistant. Remember that paper clip, cute dog, the wizard, and other assistants? MMS will be a similar personal assistant to the youth icon.", 
      "icon": "https://www.facebook.com/images/icons/post.gif", 
      "actions": [
        {
          "name": "Comment", 
          "link": "https://www.facebook.com/10152744718896006/posts/10151598085896006"
        }, 
        {
          "name": "Like", 
          "link": "https://www.facebook.com/10152744718896006/posts/10151598085896006"
        }
      ], 
      "privacy": {
        "value": "ALL_FRIENDS", 
        "description": "Your friends", 
        "friends": "", 
        "allow": "", 
        "deny": ""
      }, 
      "type": "link", 
      "status_type": "shared_story", 
      "created_time": "2013-09-11T14:30:44+0000", 
      "updated_time": "2013-09-11T14:30:44+0000", 
      "is_hidden": false, 
      "subscribed": true
    }, 
    {
      "id": "10152744718896006_10151493825466006", 
      "from": {
        "id": "10152744718896006", 
        "name": "Mehak Mehta"
      }, 
      "message": "Sharing this can lead to life imprisonment..", 
      "story": "Mehak Mehta shared Sabka Brand Bajega's photo.", 
      "story_tags": {
        "0": [
          {
            "id": "10152744718896006", 
            "name": "Mehak Mehta", 
            "type": "user", 
            "offset": 0, 
            "length": 11
          }
        ], 
        "19": [
          {
            "id": "482275815144354", 
            "name": "Sabka Brand Bajega", 
            "type": "page", 
            "offset": 19, 
            "length": 18
          }
        ], 
        "40": [
          {
            "id": "567407336631201", 
            "name": "", 
            "offset": 40, 
            "length": 5
          }
        ]
      }, 
      "picture": "https://scontent.xx.fbcdn.net/hphotos-xaf1/v/t1.0-9/s130x130/382548_567407336631201_362755574_n.jpg?oh=d2c5ad1df025790111e18b54bccf029a&oe=55C5128A", 
      "link": "https://www.facebook.com/BrandBajega/photos/a.482278681810734.104518.482275815144354/567407336631201/?type=1", 
      "name": "Sabka Brand Bajega", 
      "description": "Now what to say! Political parties war, at its best. ;)", 
      "actions": [
        {
          "name": "Comment", 
          "link": "https://www.facebook.com/10152744718896006/posts/10151493825466006"
        }, 
        {
          "name": "Like", 
          "link": "https://www.facebook.com/10152744718896006/posts/10151493825466006"
        }
      ], 
      "privacy": {
        "value": "ALL_FRIENDS", 
        "description": "Your friends", 
        "friends": "", 
        "allow": "", 
        "deny": ""
      }, 
      "type": "photo", 
      "status_type": "shared_story", 
      "object_id": "567407336631201", 
      "created_time": "2013-07-15T12:18:26+0000", 
      "updated_time": "2013-07-15T12:18:26+0000", 
      "shares": {
        "count": 10
      }, 
      "is_hidden": false, 
      "subscribed": true, 
      "likes": {
        "data": [
          {
            "id": "868543249873507", 
            "name": "Yogesh Khandelwal"
          }, 
          {
            "id": "10203772202656196", 
            "name": "Ankur Vashistha"
          }, 
          {
            "id": "969772916375322", 
            "name": "Vivek Pandey"
          }
        ], 
        "paging": {
          "cursors": {
            "after": "OTY5NzcyOTE2Mzc1MzIy", 
            "before": "ODY4NTQzMjQ5ODczNTA3"
          }
        }
      }
    }, 
    {
      "id": "10152521450753924_10151567320768924", 
      "from": {
        "id": "10152521450753924", 
        "name": "Dhananjay Malhotra"
      }, 
      "to": {
        "data": [
          {
            "id": "10204905323645182", 
            "name": "Gaurav Malhotra"
          }, 
          {
            "id": "10205640743434509", 
            "name": "Ashish Malhotra"
          }, 
          {
            "id": "871393619573606", 
            "name": "Vaibhav Malhotra"
          }, 
          {
            "id": "10152744718896006", 
            "name": "Mehak Mehta"
          }
        ]
      }, 
      "message": "Gaurav MalhotraAshish MalhotraVaibhav MalhotraMehak Mehta....yaad aai ashish bhaiya ki cheating....", 
      "message_tags": {
        "0": [
          {
            "id": "10204905323645182", 
            "name": "Gaurav Malhotra", 
            "type": "user", 
            "offset": 0, 
            "length": 15
          }
        ], 
        "15": [
          {
            "id": "10205640743434509", 
            "name": "Ashish Malhotra", 
            "type": "user", 
            "offset": 15, 
            "length": 15
          }
        ], 
        "30": [
          {
            "id": "871393619573606", 
            "name": "Vaibhav Malhotra", 
            "type": "user", 
            "offset": 30, 
            "length": 16
          }
        ], 
        "46": [
          {
            "id": "10152744718896006", 
            "name": "Mehak Mehta", 
            "type": "user", 
            "offset": 46, 
            "length": 11
          }
        ]
      }, 
      "story": "Dhananjay Malhotra shared bewakoof.com's photo.", 
      "story_tags": {
        "0": [
          {
            "id": "10152521450753924", 
            "name": "Dhananjay Malhotra", 
            "type": "user", 
            "offset": 0, 
            "length": 18
          }
        ], 
        "26": [
          {
            "id": "106503252725893", 
            "name": "bewakoof.com", 
            "type": "page", 
            "offset": 26, 
            "length": 12
          }
        ], 
        "41": [
          {
            "id": "578183488891198", 
            "name": "", 
            "offset": 41, 
            "length": 5
          }
        ]
      }, 
      "picture": "https://scontent.xx.fbcdn.net/hphotos-xap1/v/t1.0-9/s130x130/1017690_578183488891198_127479602_n.jpg?oh=381573ce493ab082df9c7517431e8d26&oe=55C72301", 
      "link": "https://www.facebook.com/bewakoofcom/photos/a.123355047707380.8409.106503252725893/578183488891198/?type=1", 
      "name": "bewakoof.com", 
      "description": "Sweet Childhood Moment... :P", 
      "actions": [
        {
          "name": "Comment", 
          "link": "https://www.facebook.com/10152521450753924/posts/10151567320768924"
        }, 
        {
          "name": "Like", 
          "link": "https://www.facebook.com/10152521450753924/posts/10151567320768924"
        }
      ], 
      "privacy": {
        "value": "", 
        "description": "", 
        "friends": "", 
        "allow": "", 
        "deny": ""
      }, 
      "type": "photo", 
      "status_type": "shared_story", 
      "object_id": "578183488891198", 
      "created_time": "2013-07-10T14:22:35+0000", 
      "updated_time": "2013-07-10T14:22:35+0000", 
      "is_hidden": false, 
      "subscribed": true, 
      "likes": {
        "data": [
          {
            "id": "10152744718896006", 
            "name": "Mehak Mehta"
          }, 
          {
            "id": "10152445692376795", 
            "name": "Neha Bhusri"
          }, 
          {
            "id": "1066109243404451", 
            "name": "Anubhav Jain"
          }, 
          {
            "id": "851525641585465", 
            "name": "Apoorva Agarwal"
          }, 
          {
            "id": "793486854079591", 
            "name": "Shaily Bhatt"
          }, 
          {
            "id": "10153067608070982", 
            "name": "Purvi Malhotra Dhingra"
          }, 
          {
            "id": "871393619573606", 
            "name": "Vaibhav Malhotra"
          }
        ], 
        "paging": {
          "cursors": {
            "after": "ODcxMzkzNjE5NTczNjA2", 
            "before": "MTAxNTI3NDQ3MTg4OTYwMDY="
          }
        }
      }
    }, 
    {
      "id": "789245764456528_518518191529288", 
      "from": {
        "id": "789245764456528", 
        "name": "Shubham Lahoti"
      }, 
      "to": {
        "data": [
          {
            "id": "10152691268401356", 
            "name": "Sonia Loona"
          }, 
          {
            "id": "10152402397546201", 
            "name": "Kushagra Jain"
          }, 
          {
            "id": "10152744718896006", 
            "name": "Mehak Mehta"
          }, 
          {
            "id": "10152152151767709", 
            "name": "Juhi Surjan"
          }, 
          {
            "id": "10152141015050698", 
            "name": "Gautam Rastogi"
          }, 
          {
            "id": "10203347791402797", 
            "name": "Sivaprasad Nair"
          }, 
          {
            "id": "962061100479898", 
            "name": "Akshay Lahoti"
          }, 
          {
            "id": "877826225597562", 
            "name": "Nupur Agrawal"
          }
        ]
      }, 
      "message": " Sonia Loona Zoheb Haider Kushagra Jain Mehak Mehta Juhi Surjan Gautam Rastogi Sivaprasad Nair Kamayani Surjan Akshay Lahoti Nupur Agrawal", 
      "message_tags": {
        "1": [
          {
            "id": "10152691268401356", 
            "name": "Sonia Loona", 
            "type": "user", 
            "offset": 1, 
            "length": 11
          }
        ], 
        "26": [
          {
            "id": "10152402397546201", 
            "name": "Kushagra Jain", 
            "type": "user", 
            "offset": 26, 
            "length": 13
          }
        ], 
        "40": [
          {
            "id": "10152744718896006", 
            "name": "Mehak Mehta", 
            "type": "user", 
            "offset": 40, 
            "length": 11
          }
        ], 
        "52": [
          {
            "id": "10152152151767709", 
            "name": "Juhi Surjan", 
            "type": "user", 
            "offset": 52, 
            "length": 11
          }
        ], 
        "64": [
          {
            "id": "10152141015050698", 
            "name": "Gautam Rastogi", 
            "type": "user", 
            "offset": 64, 
            "length": 14
          }
        ], 
        "79": [
          {
            "id": "10203347791402797", 
            "name": "Sivaprasad Nair", 
            "type": "user", 
            "offset": 79, 
            "length": 15
          }
        ], 
        "111": [
          {
            "id": "962061100479898", 
            "name": "Akshay Lahoti", 
            "type": "user", 
            "offset": 111, 
            "length": 13
          }
        ], 
        "125": [
          {
            "id": "877826225597562", 
            "name": "Nupur Agrawal", 
            "type": "user", 
            "offset": 125, 
            "length": 13
          }
        ]
      }, 
      "picture": "https://fbexternal-a.akamaihd.net/safe_image.php?d=AQBlczmy71dGqv_A&w=130&h=130&url=https%3A%2F%2Ffbcdn-photos-c-a.akamaihd.net%2Fhphotos-ak-frc3%2F1011379_542610079137266_87707165_s.png&cfs=1", 
      "link": "http://drive.google.com/uc?id=0B0ums6CqMTdvcDZfZUk3TEwteFU", 
      "name": "Sende Varsın Burada Star Haber Görüntüleri Oha .! TIKLA İZLE", 
      "caption": "accounts.google.com", 
      "description": "STAR TV", 
      "icon": "https://www.facebook.com/images/icons/post.gif", 
      "actions": [
        {
          "name": "Comment", 
          "link": "https://www.facebook.com/789245764456528/posts/518518191529288"
        }, 
        {
          "name": "Like", 
          "link": "https://www.facebook.com/789245764456528/posts/518518191529288"
        }
      ], 
      "privacy": {
        "value": "", 
        "description": "", 
        "friends": "", 
        "allow": "", 
        "deny": ""
      }, 
      "type": "link", 
      "status_type": "shared_story", 
      "created_time": "2013-07-04T10:48:05+0000", 
      "updated_time": "2013-07-04T10:48:05+0000", 
      "is_hidden": false, 
      "subscribed": true, 
      "likes": {
        "data": [
          {
            "id": "10152152151767709", 
            "name": "Juhi Surjan"
          }
        ], 
        "paging": {
          "cursors": {
            "after": "MTAxNTIxNTIxNTE3Njc3MDk=", 
            "before": "MTAxNTIxNTIxNTE3Njc3MDk="
          }
        }
      }
    }, 
    {
      "id": "789245764456528_518518114862629", 
      "from": {
        "id": "789245764456528", 
        "name": "Shubham Lahoti"
      }, 
      "to": {
        "data": [
          {
            "id": "10152691268401356", 
            "name": "Sonia Loona"
          }, 
          {
            "id": "10152402397546201", 
            "name": "Kushagra Jain"
          }, 
          {
            "id": "10152744718896006", 
            "name": "Mehak Mehta"
          }, 
          {
            "id": "10152152151767709", 
            "name": "Juhi Surjan"
          }, 
          {
            "id": "10152141015050698", 
            "name": "Gautam Rastogi"
          }, 
          {
            "id": "10203347791402797", 
            "name": "Sivaprasad Nair"
          }, 
          {
            "id": "962061100479898", 
            "name": "Akshay Lahoti"
          }, 
          {
            "id": "877826225597562", 
            "name": "Nupur Agrawal"
          }
        ]
      }, 
      "message": " Sonia Loona Zoheb Haider Kushagra Jain Mehak Mehta Juhi Surjan Gautam Rastogi Sivaprasad Nair Kamayani Surjan Akshay Lahoti Nupur Agrawal", 
      "message_tags": {
        "1": [
          {
            "id": "10152691268401356", 
            "name": "Sonia Loona", 
            "type": "user", 
            "offset": 1, 
            "length": 11
          }
        ], 
        "26": [
          {
            "id": "10152402397546201", 
            "name": "Kushagra Jain", 
            "type": "user", 
            "offset": 26, 
            "length": 13
          }
        ], 
        "40": [
          {
            "id": "10152744718896006", 
            "name": "Mehak Mehta", 
            "type": "user", 
            "offset": 40, 
            "length": 11
          }
        ], 
        "52": [
          {
            "id": "10152152151767709", 
            "name": "Juhi Surjan", 
            "type": "user", 
            "offset": 52, 
            "length": 11
          }
        ], 
        "64": [
          {
            "id": "10152141015050698", 
            "name": "Gautam Rastogi", 
            "type": "user", 
            "offset": 64, 
            "length": 14
          }
        ], 
        "79": [
          {
            "id": "10203347791402797", 
            "name": "Sivaprasad Nair", 
            "type": "user", 
            "offset": 79, 
            "length": 15
          }
        ], 
        "111": [
          {
            "id": "962061100479898", 
            "name": "Akshay Lahoti", 
            "type": "user", 
            "offset": 111, 
            "length": 13
          }
        ], 
        "125": [
          {
            "id": "877826225597562", 
            "name": "Nupur Agrawal", 
            "type": "user", 
            "offset": 125, 
            "length": 13
          }
        ]
      }, 
      "picture": "https://fbexternal-a.akamaihd.net/safe_image.php?d=AQBlczmy71dGqv_A&w=130&h=130&url=https%3A%2F%2Ffbcdn-photos-c-a.akamaihd.net%2Fhphotos-ak-frc3%2F1011379_542610079137266_87707165_s.png&cfs=1", 
      "link": "http://drive.google.com/uc?id=0B0ums6CqMTdvcDZfZUk3TEwteFU", 
      "name": "Sende Varsın Burada Star Haber Görüntüleri Oha .! TIKLA İZLE", 
      "caption": "accounts.google.com", 
      "description": "STAR TV", 
      "icon": "https://www.facebook.com/images/icons/post.gif", 
      "actions": [
        {
          "name": "Comment", 
          "link": "https://www.facebook.com/789245764456528/posts/518518114862629"
        }, 
        {
          "name": "Like", 
          "link": "https://www.facebook.com/789245764456528/posts/518518114862629"
        }
      ], 
      "privacy": {
        "value": "", 
        "description": "", 
        "friends": "", 
        "allow": "", 
        "deny": ""
      }, 
      "type": "link", 
      "status_type": "shared_story", 
      "created_time": "2013-07-04T10:48:03+0000", 
      "updated_time": "2013-07-04T10:48:03+0000", 
      "is_hidden": false, 
      "subscribed": true
    }, 
    {
      "id": "789245764456528_518517991529308", 
      "from": {
        "id": "789245764456528", 
        "name": "Shubham Lahoti"
      }, 
      "to": {
        "data": [
          {
            "id": "10152691268401356", 
            "name": "Sonia Loona"
          }, 
          {
            "id": "10152402397546201", 
            "name": "Kushagra Jain"
          }, 
          {
            "id": "10152744718896006", 
            "name": "Mehak Mehta"
          }, 
          {
            "id": "10152152151767709", 
            "name": "Juhi Surjan"
          }, 
          {
            "id": "10152141015050698", 
            "name": "Gautam Rastogi"
          }, 
          {
            "id": "10203347791402797", 
            "name": "Sivaprasad Nair"
          }, 
          {
            "id": "962061100479898", 
            "name": "Akshay Lahoti"
          }, 
          {
            "id": "877826225597562", 
            "name": "Nupur Agrawal"
          }
        ]
      }, 
      "message": " Sonia Loona Zoheb Haider Kushagra Jain Mehak Mehta Juhi Surjan Gautam Rastogi Sivaprasad Nair Kamayani Surjan Akshay Lahoti Nupur Agrawal", 
      "message_tags": {
        "1": [
          {
            "id": "10152691268401356", 
            "name": "Sonia Loona", 
            "type": "user", 
            "offset": 1, 
            "length": 11
          }
        ], 
        "26": [
          {
            "id": "10152402397546201", 
            "name": "Kushagra Jain", 
            "type": "user", 
            "offset": 26, 
            "length": 13
          }
        ], 
        "40": [
          {
            "id": "10152744718896006", 
            "name": "Mehak Mehta", 
            "type": "user", 
            "offset": 40, 
            "length": 11
          }
        ], 
        "52": [
          {
            "id": "10152152151767709", 
            "name": "Juhi Surjan", 
            "type": "user", 
            "offset": 52, 
            "length": 11
          }
        ], 
        "64": [
          {
            "id": "10152141015050698", 
            "name": "Gautam Rastogi", 
            "type": "user", 
            "offset": 64, 
            "length": 14
          }
        ], 
        "79": [
          {
            "id": "10203347791402797", 
            "name": "Sivaprasad Nair", 
            "type": "user", 
            "offset": 79, 
            "length": 15
          }
        ], 
        "111": [
          {
            "id": "962061100479898", 
            "name": "Akshay Lahoti", 
            "type": "user", 
            "offset": 111, 
            "length": 13
          }
        ], 
        "125": [
          {
            "id": "877826225597562", 
            "name": "Nupur Agrawal", 
            "type": "user", 
            "offset": 125, 
            "length": 13
          }
        ]
      }, 
      "picture": "https://fbexternal-a.akamaihd.net/safe_image.php?d=AQBlczmy71dGqv_A&w=130&h=130&url=https%3A%2F%2Ffbcdn-photos-c-a.akamaihd.net%2Fhphotos-ak-frc3%2F1011379_542610079137266_87707165_s.png&cfs=1", 
      "link": "http://drive.google.com/uc?id=0B0ums6CqMTdvcDZfZUk3TEwteFU", 
      "name": "Sende Varsın Burada Star Haber Görüntüleri Oha .! TIKLA İZLE", 
      "caption": "accounts.google.com", 
      "description": "STAR TV", 
      "icon": "https://www.facebook.com/images/icons/post.gif", 
      "actions": [
        {
          "name": "Comment", 
          "link": "https://www.facebook.com/789245764456528/posts/518517991529308"
        }, 
        {
          "name": "Like", 
          "link": "https://www.facebook.com/789245764456528/posts/518517991529308"
        }
      ], 
      "privacy": {
        "value": "", 
        "description": "", 
        "friends": "", 
        "allow": "", 
        "deny": ""
      }, 
      "type": "link", 
      "status_type": "shared_story", 
      "created_time": "2013-07-04T10:48:00+0000", 
      "updated_time": "2013-07-04T10:48:00+0000", 
      "is_hidden": false, 
      "subscribed": true
    }, 
    {
      "id": "789245764456528_518517941529313", 
      "from": {
        "id": "789245764456528", 
        "name": "Shubham Lahoti"
      }, 
      "to": {
        "data": [
          {
            "id": "10152691268401356", 
            "name": "Sonia Loona"
          }, 
          {
            "id": "10152402397546201", 
            "name": "Kushagra Jain"
          }, 
          {
            "id": "10152744718896006", 
            "name": "Mehak Mehta"
          }, 
          {
            "id": "10152152151767709", 
            "name": "Juhi Surjan"
          }, 
          {
            "id": "10152141015050698", 
            "name": "Gautam Rastogi"
          }, 
          {
            "id": "10203347791402797", 
            "name": "Sivaprasad Nair"
          }, 
          {
            "id": "962061100479898", 
            "name": "Akshay Lahoti"
          }, 
          {
            "id": "877826225597562", 
            "name": "Nupur Agrawal"
          }
        ]
      }, 
      "message": " Sonia Loona Zoheb Haider Kushagra Jain Mehak Mehta Juhi Surjan Gautam Rastogi Sivaprasad Nair Kamayani Surjan Akshay Lahoti Nupur Agrawal", 
      "message_tags": {
        "1": [
          {
            "id": "10152691268401356", 
            "name": "Sonia Loona", 
            "type": "user", 
            "offset": 1, 
            "length": 11
          }
        ], 
        "26": [
          {
            "id": "10152402397546201", 
            "name": "Kushagra Jain", 
            "type": "user", 
            "offset": 26, 
            "length": 13
          }
        ], 
        "40": [
          {
            "id": "10152744718896006", 
            "name": "Mehak Mehta", 
            "type": "user", 
            "offset": 40, 
            "length": 11
          }
        ], 
        "52": [
          {
            "id": "10152152151767709", 
            "name": "Juhi Surjan", 
            "type": "user", 
            "offset": 52, 
            "length": 11
          }
        ], 
        "64": [
          {
            "id": "10152141015050698", 
            "name": "Gautam Rastogi", 
            "type": "user", 
            "offset": 64, 
            "length": 14
          }
        ], 
        "79": [
          {
            "id": "10203347791402797", 
            "name": "Sivaprasad Nair", 
            "type": "user", 
            "offset": 79, 
            "length": 15
          }
        ], 
        "111": [
          {
            "id": "962061100479898", 
            "name": "Akshay Lahoti", 
            "type": "user", 
            "offset": 111, 
            "length": 13
          }
        ], 
        "125": [
          {
            "id": "877826225597562", 
            "name": "Nupur Agrawal", 
            "type": "user", 
            "offset": 125, 
            "length": 13
          }
        ]
      }, 
      "picture": "https://fbexternal-a.akamaihd.net/safe_image.php?d=AQBlczmy71dGqv_A&w=130&h=130&url=https%3A%2F%2Ffbcdn-photos-c-a.akamaihd.net%2Fhphotos-ak-frc3%2F1011379_542610079137266_87707165_s.png&cfs=1", 
      "link": "http://drive.google.com/uc?id=0B0ums6CqMTdvcDZfZUk3TEwteFU", 
      "name": "Sende Varsın Burada Star Haber Görüntüleri Oha .! TIKLA İZLE", 
      "caption": "accounts.google.com", 
      "description": "STAR TV", 
      "icon": "https://www.facebook.com/images/icons/post.gif", 
      "actions": [
        {
          "name": "Comment", 
          "link": "https://www.facebook.com/789245764456528/posts/518517941529313"
        }, 
        {
          "name": "Like", 
          "link": "https://www.facebook.com/789245764456528/posts/518517941529313"
        }
      ], 
      "privacy": {
        "value": "", 
        "description": "", 
        "friends": "", 
        "allow": "", 
        "deny": ""
      }, 
      "type": "link", 
      "status_type": "shared_story", 
      "created_time": "2013-07-04T10:47:51+0000", 
      "updated_time": "2013-07-04T10:47:51+0000", 
      "is_hidden": false, 
      "subscribed": true
    }, 
    {
      "id": "10152744718896006_10151471819476006", 
      "from": {
        "id": "10152744718896006", 
        "name": "Mehak Mehta"
      }, 
      "message": "Amazing video very true", 
      "story": "Mehak Mehta shared Alwayssmilebig's video.", 
      "story_tags": {
        "0": [
          {
            "id": "10152744718896006", 
            "name": "Mehak Mehta", 
            "type": "user", 
            "offset": 0, 
            "length": 11
          }
        ], 
        "19": [
          {
            "id": "353587608080821", 
            "name": "Alwayssmilebig", 
            "type": "page", 
            "offset": 19, 
            "length": 14
          }
        ], 
        "36": [
          {
            "id": "380608308712084", 
            "name": "", 
            "offset": 36, 
            "length": 5
          }
        ]
      }, 
      "picture": "https://fbcdn-vthumb-a.akamaihd.net/hvthumb-ak-xfa1/v/t15.0-10/s130x130/245858_380608438712071_380608308712084_51611_2262_b.jpg?oh=00c21843336742eb7a1b4d68c9c65062&oe=55D6E915&__gda__=1440820119_33db1dfe9378276d12ea43efc6b9d85b", 
      "link": "https://www.facebook.com/alwayssmilebig/videos/380608308712084/", 
      "source": "https://scontent.xx.fbcdn.net/hvideo-xpa1/v/t42.1790-2/762798_380608392045409_181493821_n.mp4?efg=eyJxZSI6ImVuY29kZV9vbGRfdG9wX3ZpZGVvX3YyLGVfZnJvbWhkNDI2XzA0MTMiLCJybHIiOjU5MiwicmxhIjoxMzE1fQ%3D%3D&rl=592&vabr=329&oh=d84167fe5f31be1bd2e95681bdd0e7ad&oe=5547CC3A", 
      "name": "Alwayssmilebig", 
      "description": "See this video - If  you have seen failure , If you are tired of your life , if you don't know how you will fulfill your dream, if your friends and colleague laugh on you , if you dream big , if you have desire , if you have fire in you ....this video is for every person ...!!! See It Again & Again achieve it and prove the world ...!! Love you all Big Dreamer !!! \nLike Alwayssmilebig :D :D - for more inspiring videos", 
      "actions": [
        {
          "name": "Comment", 
          "link": "https://www.facebook.com/10152744718896006/posts/10151471819476006"
        }, 
        {
          "name": "Like", 
          "link": "https://www.facebook.com/10152744718896006/posts/10151471819476006"
        }
      ], 
      "privacy": {
        "value": "ALL_FRIENDS", 
        "description": "Your friends", 
        "friends": "", 
        "allow": "", 
        "deny": ""
      }, 
      "type": "video", 
      "status_type": "shared_story", 
      "created_time": "2013-07-02T13:04:54+0000", 
      "updated_time": "2013-07-02T13:04:54+0000", 
      "is_hidden": false, 
      "subscribed": true
    }, 
    {
      "id": "10152744718896006_10151471794366006", 
      "from": {
        "id": "10152744718896006", 
        "name": "Mehak Mehta"
      }, 
      "to": {
        "data": [
          {
            "name": "BHARAT EK HINDU RASTRA", 
            "id": "177889008962373"
          }
        ]
      }, 
      "story": "Mehak Mehta shared Krishna Chaitanya Prakhya's photo.", 
      "story_tags": {
        "0": [
          {
            "id": "10152744718896006", 
            "name": "Mehak Mehta", 
            "type": "user", 
            "offset": 0, 
            "length": 11
          }
        ], 
        "19": [
          {
            "id": "294703707365591", 
            "name": "Krishna Chaitanya Prakhya", 
            "type": "user", 
            "offset": 19, 
            "length": 25
          }
        ], 
        "47": [
          {
            "id": "182224748613488", 
            "name": "", 
            "offset": 47, 
            "length": 5
          }
        ]
      }, 
      "picture": "https://scontent.xx.fbcdn.net/hphotos-xaf1/v/t1.0-9/s130x130/1004412_182224748613488_1344249425_n.jpg?oh=2ae7b881b70bf901f0bff9531865c827&oe=55E1C62C", 
      "link": "https://www.facebook.com/photo.php?fbid=182224748613488&set=gm.476409079110363&type=1", 
      "name": "Krishna", 
      "actions": [
        {
          "name": "Comment", 
          "link": "https://www.facebook.com/10152744718896006/posts/10151471794366006"
        }, 
        {
          "name": "Like", 
          "link": "https://www.facebook.com/10152744718896006/posts/10151471794366006"
        }
      ], 
      "privacy": {
        "value": "ALL_FRIENDS", 
        "description": "Your friends", 
        "friends": "", 
        "allow": "", 
        "deny": ""
      }, 
      "type": "photo", 
      "status_type": "shared_story", 
      "object_id": "182224748613488", 
      "created_time": "2013-07-02T12:58:41+0000", 
      "updated_time": "2013-07-02T12:58:41+0000", 
      "is_hidden": false, 
      "subscribed": true
    }, 
    {
      "id": "10152744718896006_10151374846226006", 
      "from": {
        "id": "10152744718896006", 
        "name": "Mehak Mehta"
      }, 
      "message": "r0v hnh", 
      "story": "Mehak Mehta commented on WOW.", 
      "story_tags": {
        "0": [
          {
            "id": "10152744718896006", 
            "name": "Mehak Mehta", 
            "type": "user", 
            "offset": 0, 
            "length": 11
          }
        ]
      }, 
      "picture": "https://fbexternal-a.akamaihd.net/safe_image.php?d=AQBIkidIiPUy4Mcb&w=130&h=130&url=http%3A%2F%2Fi.imgur.com%2FGz2Lln2.jpg&cfs=1", 
      "link": "http://vida9.eu01.aws.af.cm/?dezhc16d", 
      "name": "[UNBELIEVABLE!!] Only 16-years-old, she did it publicly in high school while drunk, really .......@#", 
      "caption": "vida9.eu01.aws.af.cm", 
      "description": "VIDEO- Why she did it, UNBELIEVABLE!!", 
      "icon": "https://www.facebook.com/images/icons/post.gif", 
      "actions": [
        {
          "name": "Comment", 
          "link": "https://www.facebook.com/10152744718896006/posts/10151374846226006"
        }, 
        {
          "name": "Like", 
          "link": "https://www.facebook.com/10152744718896006/posts/10151374846226006"
        }
      ], 
      "privacy": {
        "value": "EVERYONE", 
        "description": "", 
        "friends": "", 
        "allow": "", 
        "deny": ""
      }, 
      "type": "link", 
      "status_type": "shared_story", 
      "created_time": "2013-05-01T14:42:46+0000", 
      "updated_time": "2013-05-01T14:42:46+0000", 
      "is_hidden": false, 
      "subscribed": true
    }, 
    {
      "id": "805003689521784_549724911716331", 
      "from": {
        "id": "805003689521784", 
        "name": "Neha Malhotra"
      }, 
      "with_tags": {
        "data": [
          {
            "id": "469960883152233", 
            "name": "Reeta Malhotra"
          }, 
          {
            "id": "10204134703550388", 
            "name": "Dharampal Malhotra"
          }, 
          {
            "id": "10205772682948132", 
            "name": "Aditi Malhotra Khanna"
          }, 
          {
            "id": "10202758078335777", 
            "name": "Deepti Malhotra"
          }, 
          {
            "id": "10152521450753924", 
            "name": "Dhananjay Malhotra"
          }, 
          {
            "id": "871393619573606", 
            "name": "Vaibhav Malhotra"
          }, 
          {
            "id": "10152744718896006", 
            "name": "Mehak Mehta"
          }
        ]
      }, 
      "story": "Neha Malhotra added a new photo — with Reeta Malhotra and 6 others.", 
      "story_tags": {
        "0": [
          {
            "id": "805003689521784", 
            "name": "Neha Malhotra", 
            "type": "user", 
            "offset": 0, 
            "length": 13
          }
        ], 
        "23": [
          {
            "id": "469960883152233", 
            "name": "Reeta Malhotra", 
            "type": "user", 
            "offset": 23, 
            "length": 14
          }
        ], 
        "42": [
          {
            "id": "10204134703550388", 
            "name": "Dharampal Malhotra", 
            "type": "user", 
            "offset": 42, 
            "length": 8
          }, 
          {
            "id": "10205772682948132", 
            "name": "Aditi Malhotra Khanna", 
            "type": "user", 
            "offset": 42, 
            "length": 8
          }, 
          {
            "id": "10202758078335777", 
            "name": "Deepti Malhotra", 
            "type": "user", 
            "offset": 42, 
            "length": 8
          }, 
          {
            "id": "10152521450753924", 
            "name": "Dhananjay Malhotra", 
            "type": "user", 
            "offset": 42, 
            "length": 8
          }, 
          {
            "id": "871393619573606", 
            "name": "Vaibhav Malhotra", 
            "type": "user", 
            "offset": 42, 
            "length": 8
          }, 
          {
            "id": "10152744718896006", 
            "name": "Mehak Mehta", 
            "type": "user", 
            "offset": 42, 
            "length": 8
          }
        ]
      }, 
      "picture": "https://scontent.xx.fbcdn.net/hphotos-frc3/v/t1.0-9/s130x130/547371_549724911716331_1629794501_n.jpg?oh=2f34fa7a4b65adc30650dde3b1a7a649&oe=55DF4FFB", 
      "link": "https://www.facebook.com/photo.php?fbid=549724911716331&set=p.549724911716331&type=1", 
      "icon": "https://www.facebook.com/images/icons/photo.gif", 
      "actions": [
        {
          "name": "Comment", 
          "link": "https://www.facebook.com/805003689521784/posts/549724911716331"
        }, 
        {
          "name": "Like", 
          "link": "https://www.facebook.com/805003689521784/posts/549724911716331"
        }
      ], 
      "privacy": {
        "value": "", 
        "description": "", 
        "friends": "", 
        "allow": "", 
        "deny": ""
      }, 
      "type": "photo", 
      "status_type": "added_photos", 
      "object_id": "549724911716331", 
      "created_time": "2013-04-18T01:30:00+0000", 
      "updated_time": "2013-04-24T13:26:07+0000", 
      "is_hidden": false, 
      "subscribed": true, 
      "likes": {
        "data": [
          {
            "id": "840916872666218", 
            "name": "Piyush Kabra"
          }, 
          {
            "id": "10206623388252577", 
            "name": "Supriya Malhotra"
          }, 
          {
            "id": "749727218478800", 
            "name": "Rishi Malhotra"
          }, 
          {
            "id": "836734433060967", 
            "name": "Shiv Prakash Mehta"
          }, 
          {
            "id": "731958516919889", 
            "name": "Deepak Rastogi"
          }, 
          {
            "id": "778175965598576", 
            "name": "Chitransh Mathur"
          }, 
          {
            "id": "10206589651130231", 
            "name": "Vinay Khanna"
          }, 
          {
            "id": "10204775429318348", 
            "name": "Varsha Tandon"
          }, 
          {
            "id": "10205753827780127", 
            "name": "Priyanka Mandawat"
          }, 
          {
            "id": "10203809510897818", 
            "name": "Rekha Rathore Shekhawat"
          }, 
          {
            "id": "1030057137010437", 
            "name": "Manoj Kumar Attri"
          }, 
          {
            "id": "758500474211700", 
            "name": "Riddhi Johari"
          }, 
          {
            "id": "850588788333506", 
            "name": "Aditi Khandelwal"
          }, 
          {
            "id": "10206516304124336", 
            "name": "Nandan Naik"
          }, 
          {
            "id": "10202758078335777", 
            "name": "Deepti Malhotra"
          }, 
          {
            "id": "10152322814897742", 
            "name": "Virat Katyal"
          }, 
          {
            "id": "811402755570443", 
            "name": "Shefali Malhotra"
          }, 
          {
            "id": "961459393886863", 
            "name": "Muskan Mehta"
          }, 
          {
            "id": "805003689521784", 
            "name": "Neha Malhotra"
          }, 
          {
            "id": "945035208848996", 
            "name": "Jasmeet Tuteja"
          }, 
          {
            "id": "10153067608070982", 
            "name": "Purvi Malhotra Dhingra"
          }, 
          {
            "id": "10206370446721161", 
            "name": "Payal Naik"
          }, 
          {
            "id": "10204450187671704", 
            "name": "Ripen Dhingra"
          }, 
          {
            "id": "10205640743434509", 
            "name": "Ashish Malhotra"
          }, 
          {
            "id": "871393619573606", 
            "name": "Vaibhav Malhotra"
          }
        ], 
        "paging": {
          "cursors": {
            "after": "ODcxMzkzNjE5NTczNjA2", 
            "before": "ODQwOTE2ODcyNjY2MjE4"
          }
        }
      }, 
      "comments": {
        "data": [
          {
            "id": "549724911716331_1672081", 
            "from": {
              "id": "871393619573606", 
              "name": "Vaibhav Malhotra"
            }, 
            "message": "mast..", 
            "can_remove": false, 
            "created_time": "2013-04-18T14:06:43+0000", 
            "like_count": 0, 
            "user_likes": false
          }, 
          {
            "id": "549724911716331_1672179", 
            "from": {
              "id": "10206370446721161", 
              "name": "Payal Naik"
            }, 
            "message": "Sahii...... ", 
            "can_remove": false, 
            "created_time": "2013-04-18T15:28:48+0000", 
            "like_count": 0, 
            "user_likes": false
          }, 
          {
            "id": "549724911716331_1672203", 
            "from": {
              "id": "10153067608070982", 
              "name": "Purvi Malhotra Dhingra"
            }, 
            "message": "Sooooperrr :)", 
            "can_remove": false, 
            "created_time": "2013-04-18T16:00:06+0000", 
            "like_count": 0, 
            "user_likes": false
          }, 
          {
            "id": "549724911716331_1672445", 
            "from": {
              "id": "10205772682948132", 
              "name": "Aditi Malhotra Khanna"
            }, 
            "message": "Read the above 3 cmts together it sound like oohh aahh ouch.....;)", 
            "can_remove": false, 
            "created_time": "2013-04-18T19:30:57+0000", 
            "like_count": 3, 
            "user_likes": false
          }, 
          {
            "id": "549724911716331_1672857", 
            "from": {
              "id": "856220877785250", 
              "name": "Mukhe Singh"
            }, 
            "message": "looking kool dude, how r u doing now a days,..give me ur number", 
            "can_remove": false, 
            "created_time": "2013-04-19T01:27:59+0000", 
            "like_count": 0, 
            "user_likes": false
          }, 
          {
            "id": "549724911716331_1673159", 
            "from": {
              "id": "1030057137010437", 
              "name": "Manoj Kumar Attri"
            }, 
            "message": "abe mota ho gaya tuuuuuu...... come back........", 
            "can_remove": false, 
            "created_time": "2013-04-19T06:32:21+0000", 
            "like_count": 0, 
            "user_likes": false
          }, 
          {
            "id": "549724911716331_1673164", 
            "from": {
              "id": "10205640743434509", 
              "name": "Ashish Malhotra"
            }, 
            "message": "Chhota parivar... sukhi parivar.. :)", 
            "can_remove": false, 
            "created_time": "2013-04-19T06:41:38+0000", 
            "like_count": 3, 
            "user_likes": false
          }, 
          {
            "id": "549724911716331_1673174", 
            "from": {
              "id": "871393619573606", 
              "name": "Vaibhav Malhotra"
            }, 
            "message": "Ashi bhaiya abhi toh aadha parivar hain pura toh frame main hi nhi aata", 
            "can_remove": false, 
            "created_time": "2013-04-19T07:02:24+0000", 
            "like_count": 1, 
            "user_likes": false
          }, 
          {
            "id": "549724911716331_1680578", 
            "from": {
              "id": "10152521450753924", 
              "name": "Dhananjay Malhotra"
            }, 
            "message": "and growing", 
            "can_remove": false, 
            "created_time": "2013-04-24T13:26:07+0000", 
            "like_count": 1, 
            "user_likes": false
          }
        ], 
        "paging": {
          "cursors": {
            "after": "WTI5dGJXVnVkRjlqZFhKemIzSTZOVFV5TURVMk56STRNVFE1T0RFMk9qRTJPREExTnpnPQ==", 
            "before": "WTI5dGJXVnVkRjlqZFhKemIzSTZOVFE1TnpJM05ESXhOekUyTURnd09qRTJOekl3T0RFPQ=="
          }
        }
      }
    }, 
    {
      "id": "931166986899137_638844406131398", 
      "from": {
        "id": "931166986899137", 
        "name": "Krishan Agrawal"
      }, 
      "with_tags": {
        "data": [
          {
            "id": "10204441617993821", 
            "name": "Ranjit Kumar Gupta"
          }, 
          {
            "id": "10203051861002221", 
            "name": "Vineet Badola"
          }, 
          {
            "id": "10152860616219702", 
            "name": "Randhir Kumar"
          }, 
          {
            "id": "10152744718896006", 
            "name": "Mehak Mehta"
          }
        ]
      }, 
      "story": "Krishan Agrawal added a new photo — with Ranjit Kumar Gupta and 3 others.", 
      "story_tags": {
        "0": [
          {
            "id": "931166986899137", 
            "name": "Krishan Agrawal", 
            "type": "user", 
            "offset": 0, 
            "length": 15
          }
        ], 
        "25": [
          {
            "id": "10204441617993821", 
            "name": "Ranjit Kumar Gupta", 
            "type": "user", 
            "offset": 25, 
            "length": 18
          }
        ], 
        "48": [
          {
            "id": "10203051861002221", 
            "name": "Vineet Badola", 
            "type": "user", 
            "offset": 48, 
            "length": 8
          }, 
          {
            "id": "10152860616219702", 
            "name": "Randhir Kumar", 
            "type": "user", 
            "offset": 48, 
            "length": 8
          }, 
          {
            "id": "10152744718896006", 
            "name": "Mehak Mehta", 
            "type": "user", 
            "offset": 48, 
            "length": 8
          }
        ]
      }, 
      "picture": "https://scontent.xx.fbcdn.net/hphotos-xpa1/v/t1.0-9/s130x130/547561_638844406131398_1765438815_n.jpg?oh=1f3de8d59038343459f6439679e5fa8e&oe=55E35E81", 
      "link": "https://www.facebook.com/photo.php?fbid=638844406131398&set=p.638844406131398&type=1", 
      "icon": "https://www.facebook.com/images/icons/photo.gif", 
      "actions": [
        {
          "name": "Comment", 
          "link": "https://www.facebook.com/931166986899137/posts/638844406131398"
        }, 
        {
          "name": "Like", 
          "link": "https://www.facebook.com/931166986899137/posts/638844406131398"
        }
      ], 
      "privacy": {
        "value": "", 
        "description": "", 
        "friends": "", 
        "allow": "", 
        "deny": ""
      }, 
      "type": "photo", 
      "status_type": "added_photos", 
      "object_id": "638844406131398", 
      "created_time": "2013-04-07T07:19:09+0000", 
      "updated_time": "2013-04-07T14:01:44+0000", 
      "is_hidden": false, 
      "subscribed": true, 
      "likes": {
        "data": [
          {
            "id": "792321787511563", 
            "name": "Vishakha Chaudhary"
          }, 
          {
            "id": "752669608140643", 
            "name": "Ti Tui"
          }, 
          {
            "id": "1049497995065319", 
            "name": "Aman Mahajan"
          }, 
          {
            "id": "10206183592055229", 
            "name": "Shatrughan Modi"
          }
        ], 
        "paging": {
          "cursors": {
            "after": "MTAyMDYxODM1OTIwNTUyMjk=", 
            "before": "NzkyMzIxNzg3NTExNTYz"
          }
        }
      }, 
      "comments": {
        "data": [
          {
            "id": "638844406131398_3175570", 
            "from": {
              "id": "868543249873507", 
              "name": "Yogesh Khandelwal"
            }, 
            "message": "Mehak shoe to pehan k naukri pe jaaya kar", 
            "can_remove": false, 
            "created_time": "2013-04-07T13:26:21+0000", 
            "like_count": 0, 
            "user_likes": false
          }, 
          {
            "id": "638844406131398_3175776", 
            "from": {
              "id": "10152744718896006", 
              "name": "Mehak Mehta"
            }, 
            "message": "ye tcs nahi hai bhai! casuals are allowed", 
            "can_remove": true, 
            "created_time": "2013-04-07T14:01:44+0000", 
            "like_count": 0, 
            "user_likes": false
          }
        ], 
        "paging": {
          "cursors": {
            "after": "WTI5dGJXVnVkRjlqZFhKemIzSTZOak00T1RZNE1URTVORFV5TXpZd09qTXhOelUzTnpZPQ==", 
            "before": "WTI5dGJXVnVkRjlqZFhKemIzSTZOak00T1RVeU5qSTVORFV6T1RBNU9qTXhOelUxTnpBPQ=="
          }
        }
      }
    }, 
    {
      "id": "10152744718896006_170519123105837", 
      "from": {
        "id": "10152744718896006", 
        "name": "Mehak Mehta"
      }, 
      "story": "Mehak Mehta shared Scott Sonnon's photo.", 
      "story_tags": {
        "0": [
          {
            "id": "10152744718896006", 
            "name": "Mehak Mehta", 
            "type": "user", 
            "offset": 0, 
            "length": 11
          }
        ], 
        "19": [
          {
            "id": "60086777987", 
            "name": "Scott Sonnon", 
            "type": "page", 
            "offset": 19, 
            "length": 12
          }
        ], 
        "34": [
          {
            "id": "10151507603372988", 
            "name": "", 
            "offset": 34, 
            "length": 5
          }
        ]
      }, 
      "picture": "https://scontent.xx.fbcdn.net/hphotos-xaf1/v/t1.0-9/s130x130/6778_10151507603372988_1792059401_n.jpg?oh=ce9554087c709cd8a2e5ad8d2321d4fe&oe=55C1EFBC", 
      "link": "https://www.facebook.com/ScottSonnon/photos/a.302899137987.148033.60086777987/10151507603372988/?type=1", 
      "name": "Scott Sonnon", 
      "description": "\"We enter a little coffeehouse with a friend of mine and give our order. While we’re approaching our table two people come in and they go to the counter:\n\n‘Five coffees, please. Two of them for us and three suspended’ They pay for their order, take the two and leave.\n\nI ask my friend: “What are those ‘suspended’ coffees?”\nMy friend: “Wait for it and you will see.”\n\nSome more people enter. Two girls ask for one coffee each, pay and go. The next order was for seven coffees and it was made by three lawyers - three for them and four ‘suspended’. While I still wonder what’s the deal with those ‘suspended’ coffees I enjoy the sunny weather and the beautiful view towards the square in front of the café. Suddenly a man dressed in shabby clothes who looks like a beggar comes in through the door and kindly asks\n‘Do you have any suspended coffee?’\n\nIt’s simple - people pay in advance for a coffee meant for someone who can not afford a warm beverage. The tradition with the suspended coffees started in Naples, but it has spread all over the world and in some places you can order not only a suspended coffee, but also a sandwich or a whole meal.\n\nWouldn’t it be wonderful to have such cafés or even grocery stores in every town where the less fortunate will find hope and support? If you own a business why don’t you offer it to your clients… I am sure many of them will like it.\n\nPlease join https://www.facebook.com/SuspendedCoffeess?ref=hl\n\nvery respectfully,\nScott Sonnon\nwww.facebook.com/ScottSonnon", 
      "actions": [
        {
          "name": "Comment", 
          "link": "https://www.facebook.com/10152744718896006/posts/170519123105837"
        }, 
        {
          "name": "Like", 
          "link": "https://www.facebook.com/10152744718896006/posts/170519123105837"
        }
      ], 
      "privacy": {
        "value": "ALL_FRIENDS", 
        "description": "Your friends", 
        "friends": "", 
        "allow": "", 
        "deny": ""
      }, 
      "type": "photo", 
      "status_type": "shared_story", 
      "object_id": "10151507603372988", 
      "created_time": "2013-04-02T11:50:16+0000", 
      "updated_time": "2013-04-02T11:50:16+0000", 
      "is_hidden": false, 
      "subscribed": true, 
      "likes": {
        "data": [
          {
            "id": "10205337019177471", 
            "name": "Abhinav Sharma"
          }
        ], 
        "paging": {
          "cursors": {
            "after": "MTAyMDUzMzcwMTkxNzc0NzE=", 
            "before": "MTAyMDUzMzcwMTkxNzc0NzE="
          }
        }
      }
    }, 
    {
      "id": "10152744718896006_353237231447577", 
      "from": {
        "id": "10152744718896006", 
        "name": "Mehak Mehta"
      }, 
      "story": "Mehak Mehta shared NRI Samay's photo.", 
      "story_tags": {
        "0": [
          {
            "id": "10152744718896006", 
            "name": "Mehak Mehta", 
            "type": "user", 
            "offset": 0, 
            "length": 11
          }
        ], 
        "19": [
          {
            "id": "128327647268944", 
            "name": "NRI Samay", 
            "type": "page", 
            "offset": 19, 
            "length": 9
          }
        ], 
        "31": [
          {
            "id": "345356702232703", 
            "name": "", 
            "offset": 31, 
            "length": 5
          }
        ]
      }, 
      "picture": "https://scontent.xx.fbcdn.net/hphotos-xpa1/v/t1.0-9/s130x130/601328_345356702232703_286201404_n.jpg?oh=c907f71de49a72096747aca133755e42&oe=55983861", 
      "link": "https://www.facebook.com/NRISamay/photos/a.161091340659241.24172.128327647268944/345356702232703/?type=1", 
      "name": "NRI Samay", 
      "description": "Thanks for all the shares and likes. Pop Media wants us to believe that people are not responding to AK. Your Likes and Shares prove they are all wrong.\n\n Arvind Kejriwal fights for the people, putting his life on the line. He is on the 8th day of fast in his fight to reduce the water and electricity bills. Only very few media outlets may be covering the story, but that shouldn't stop us from sharing this pic.\n\npic: Headlines News", 
      "actions": [
        {
          "name": "Comment", 
          "link": "https://www.facebook.com/10152744718896006/posts/353237231447577"
        }, 
        {
          "name": "Like", 
          "link": "https://www.facebook.com/10152744718896006/posts/353237231447577"
        }
      ], 
      "privacy": {
        "value": "ALL_FRIENDS", 
        "description": "Your friends", 
        "friends": "", 
        "allow": "", 
        "deny": ""
      }, 
      "type": "photo", 
      "status_type": "shared_story", 
      "object_id": "345356702232703", 
      "created_time": "2013-03-31T08:05:06+0000", 
      "updated_time": "2013-03-31T08:05:06+0000", 
      "is_hidden": false, 
      "subscribed": true
    }, 
    {
      "id": "10152518621317361_10151347431107361", 
      "from": {
        "id": "10152518621317361", 
        "name": "Anoop Mahto"
      }, 
      "with_tags": {
        "data": [
          {
            "id": "10153222528949661", 
            "name": "Smita Verma"
          }, 
          {
            "id": "952407921460512", 
            "name": "Arjun Sharma"
          }, 
          {
            "id": "10203439759747227", 
            "name": "Arvind Chourasia"
          }, 
          {
            "id": "10152696218156587", 
            "name": "Richa Chawla"
          }, 
          {
            "id": "10152690027816712", 
            "name": "Karnam Arun Raj"
          }, 
          {
            "id": "10202889884923093", 
            "name": "Pulkit Gupta"
          }, 
          {
            "id": "10152240273141426", 
            "name": "Shubham Srivastava"
          }, 
          {
            "id": "100002348735247", 
            "name": "Ankit Birla"
          }, 
          {
            "id": "10152786359924290", 
            "name": "Anurag Sharma"
          }, 
          {
            "id": "942001885827344", 
            "name": "Aasheesh Talwar"
          }, 
          {
            "id": "10152744718896006", 
            "name": "Mehak Mehta"
          }, 
          {
            "id": "661804727258346", 
            "name": "Rahul Sisodia"
          }
        ]
      }, 
      "message": "The good \" MetsPlus\" old times!!!!!", 
      "picture": "https://scontent.xx.fbcdn.net/hphotos-xaf1/v/t1.0-9/s130x130/301546_10151347431107361_281064753_n.jpg?oh=9ef39f3f375af9bfe82b4c06eecb4bfb&oe=55C53388", 
      "link": "https://www.facebook.com/photo.php?fbid=10151347431107361&set=p.10151347431107361&type=1", 
      "icon": "https://www.facebook.com/images/icons/photo.gif", 
      "actions": [
        {
          "name": "Comment", 
          "link": "https://www.facebook.com/10152518621317361/posts/10151347431107361"
        }, 
        {
          "name": "Like", 
          "link": "https://www.facebook.com/10152518621317361/posts/10151347431107361"
        }
      ], 
      "privacy": {
        "value": "", 
        "description": "", 
        "friends": "", 
        "allow": "", 
        "deny": ""
      }, 
      "place": {
        "id": "106078429431815", 
        "name": "London, United Kingdom", 
        "location": {
          "latitude": 51.5072, 
          "longitude": -0.1275, 
          "zip": "<<not-applicable>>"
        }
      }, 
      "type": "photo", 
      "status_type": "added_photos", 
      "object_id": "10151347431107361", 
      "created_time": "2013-03-19T15:45:23+0000", 
      "updated_time": "2013-03-20T07:19:32+0000", 
      "is_hidden": false, 
      "subscribed": true, 
      "likes": {
        "data": [
          {
            "id": "869016366459668", 
            "name": "Sakshi Honey Taing"
          }, 
          {
            "id": "886266911386507", 
            "name": "Herbert John"
          }, 
          {
            "id": "10203439759747227", 
            "name": "Arvind Chourasia"
          }, 
          {
            "id": "10152690027816712", 
            "name": "Karnam Arun Raj"
          }, 
          {
            "id": "870559626339367", 
            "name": "Gagan Goyal"
          }, 
          {
            "id": "10152569727051234", 
            "name": "Ankur Goyal"
          }, 
          {
            "id": "10206355891405723", 
            "name": "Aditya Jain"
          }, 
          {
            "id": "10153782043793206", 
            "name": "Akhilesh Nag"
          }, 
          {
            "id": "10202944819077394", 
            "name": "Abhishek Gandotra"
          }, 
          {
            "id": "10204636797932901", 
            "name": "Madhav Malhotra"
          }, 
          {
            "id": "765938796808356", 
            "name": "Pallavi Chaturvedi"
          }, 
          {
            "id": "100002348735247", 
            "name": "Ankit Birla"
          }, 
          {
            "id": "10205307843992093", 
            "name": "Jatin Deep Vashisht"
          }, 
          {
            "id": "10152642256573837", 
            "name": "Rahul Ahuja"
          }, 
          {
            "id": "865577136840087", 
            "name": "Shobha Mahto"
          }, 
          {
            "id": "817437388333469", 
            "name": "Rama Krishnan"
          }, 
          {
            "id": "10153199240272365", 
            "name": "Reetu Chopra"
          }, 
          {
            "id": "10204537260526425", 
            "name": "Vipul Kumar"
          }, 
          {
            "id": "10203772939376344", 
            "name": "Sourav Singh"
          }, 
          {
            "id": "763016843716850", 
            "name": "Braj Chaudhary"
          }, 
          {
            "id": "257061024466387", 
            "name": "Antarrajyeeya Sahyog Parishad"
          }, 
          {
            "id": "10202179462722932", 
            "name": "Namita Singh"
          }, 
          {
            "id": "798223686907075", 
            "name": "Sunita Mahto"
          }, 
          {
            "id": "10205708175920988", 
            "name": "Rajat Sharma"
          }, 
          {
            "id": "829311057131217", 
            "name": "Ajay Bisht"
          }
        ], 
        "paging": {
          "cursors": {
            "after": "ODI5MzExMDU3MTMxMjE3", 
            "before": "ODY5MDE2MzY2NDU5NjY4"
          }, 
          "next": "https://graph.facebook.com/v2.3/698287360_10151347431107361/likes?limit=25&after=ODI5MzExMDU3MTMxMjE3"
        }
      }, 
      "comments": {
        "data": [
          {
            "id": "10151347431107361_8257630", 
            "from": {
              "id": "10203586779299722", 
              "name": "Harmanpreet Singh Chhabra"
            }, 
            "message": "hey hv u joined maersk????????", 
            "can_remove": false, 
            "created_time": "2013-03-19T15:50:44+0000", 
            "like_count": 0, 
            "user_likes": false
          }, 
          {
            "id": "10151347431107361_8257642", 
            "from": {
              "id": "10152518621317361", 
              "name": "Anoop Mahto"
            }, 
            "message": "are nahin...", 
            "can_remove": false, 
            "created_time": "2013-03-19T15:52:36+0000", 
            "like_count": 0, 
            "user_likes": false
          }, 
          {
            "id": "10151347431107361_8257646", 
            "from": {
              "id": "10203586779299722", 
              "name": "Harmanpreet Singh Chhabra"
            }, 
            "message": "london england?????", 
            "can_remove": false, 
            "created_time": "2013-03-19T15:53:12+0000", 
            "like_count": 0, 
            "user_likes": false
          }, 
          {
            "id": "10151347431107361_8257649", 
            "from": {
              "id": "10152518621317361", 
              "name": "Anoop Mahto"
            }, 
            "message": "I used to work for this client...", 
            "can_remove": false, 
            "created_time": "2013-03-19T15:54:29+0000", 
            "like_count": 0, 
            "user_likes": false
          }, 
          {
            "id": "10151347431107361_8257650", 
            "from": {
              "id": "10203586779299722", 
              "name": "Harmanpreet Singh Chhabra"
            }, 
            "message": "okkkk cool...........", 
            "can_remove": false, 
            "created_time": "2013-03-19T15:54:59+0000", 
            "like_count": 0, 
            "user_likes": false
          }, 
          {
            "id": "10151347431107361_8257651", 
            "from": {
              "id": "10203586779299722", 
              "name": "Harmanpreet Singh Chhabra"
            }, 
            "message": "so u been to london?", 
            "can_remove": false, 
            "created_time": "2013-03-19T15:55:10+0000", 
            "like_count": 0, 
            "user_likes": false
          }, 
          {
            "id": "10151347431107361_8257982", 
            "from": {
              "id": "10152666623152399", 
              "name": "Tarun Gambhir"
            }, 
            "message": "prerit jaisa lag raha hai..!! :P", 
            "can_remove": false, 
            "created_time": "2013-03-19T17:04:13+0000", 
            "like_count": 1, 
            "user_likes": false
          }, 
          {
            "id": "10151347431107361_8258201", 
            "from": {
              "id": "10203772939376344", 
              "name": "Sourav Singh"
            }, 
            "message": "Itna sarif dekhta tha tu...yaaki nahi hota.", 
            "can_remove": false, 
            "created_time": "2013-03-19T17:49:30+0000", 
            "like_count": 1, 
            "user_likes": false
          }, 
          {
            "id": "10151347431107361_8258649", 
            "from": {
              "id": "10152518621317361", 
              "name": "Anoop Mahto"
            }, 
            "message": "Sourav Singh......sale mein hun hi....", 
            "message_tags": [
              {
                "id": "10203772939376344", 
                "name": "Sourav Singh", 
                "type": "user", 
                "offset": 0, 
                "length": 12
              }
            ], 
            "can_remove": false, 
            "created_time": "2013-03-19T19:11:59+0000", 
            "like_count": 0, 
            "user_likes": false
          }, 
          {
            "id": "10151347431107361_8258962", 
            "from": {
              "id": "765938796808356", 
              "name": "Pallavi Chaturvedi"
            }, 
            "message": "good one..!", 
            "can_remove": false, 
            "created_time": "2013-03-19T20:09:01+0000", 
            "like_count": 1, 
            "user_likes": false
          }, 
          {
            "id": "10151347431107361_8259054", 
            "from": {
              "id": "10204636797932901", 
              "name": "Madhav Malhotra"
            }, 
            "message": "oye hoye!!", 
            "can_remove": false, 
            "created_time": "2013-03-19T20:25:28+0000", 
            "like_count": 1, 
            "user_likes": false
          }, 
          {
            "id": "10151347431107361_8261617", 
            "from": {
              "id": "10152240273141426", 
              "name": "Shubham Srivastava"
            }, 
            "message": "Bahar se jo roshni pad rahi hai usse har cheez bright dikh rahi hai...even 'tum bhi' :P", 
            "can_remove": false, 
            "created_time": "2013-03-20T07:18:40+0000", 
            "like_count": 2, 
            "user_likes": false
          }, 
          {
            "id": "10151347431107361_8261620", 
            "from": {
              "id": "10152240273141426", 
              "name": "Shubham Srivastava"
            }, 
            "message": "waise achi pic hai...manana padega 'good one' :)", 
            "can_remove": false, 
            "created_time": "2013-03-20T07:19:32+0000", 
            "like_count": 3, 
            "user_likes": false
          }
        ], 
        "paging": {
          "cursors": {
            "after": "WTI5dGJXVnVkRjlqZFhKemIzSTZNVEF4TlRFek5EZzBNRGczTXpjek5qRTZPREkyTVRZeU1BPT0=", 
            "before": "WTI5dGJXVnVkRjlqZFhKemIzSTZNVEF4TlRFek5EYzBNemswTmpjek5qRTZPREkxTnpZek1BPT0="
          }
        }
      }
    }, 
    {
      "id": "10152744718896006_491917154201036", 
      "from": {
        "id": "10152744718896006", 
        "name": "Mehak Mehta"
      }, 
      "story": "Mehak Mehta shared College Khabar's photo.", 
      "story_tags": {
        "0": [
          {
            "id": "10152744718896006", 
            "name": "Mehak Mehta", 
            "type": "user", 
            "offset": 0, 
            "length": 11
          }
        ], 
        "19": [
          {
            "id": "82913459129", 
            "name": "College Khabar", 
            "type": "page", 
            "offset": 19, 
            "length": 14
          }
        ], 
        "36": [
          {
            "id": "10151408015314130", 
            "name": "", 
            "offset": 36, 
            "length": 5
          }
        ]
      }, 
      "picture": "https://scontent.xx.fbcdn.net/hphotos-xaf1/v/t1.0-9/s130x130/482710_10151408015314130_719904123_n.jpg?oh=520e4f365d04141c482b62c19f48992c&oe=55C8D9B0", 
      "link": "https://www.facebook.com/CollegeKhabar/photos/a.152564239129.117182.82913459129/10151408015314130/?type=1", 
      "name": "College Khabar", 
      "description": "Paan Singh Coder .....", 
      "actions": [
        {
          "name": "Comment", 
          "link": "https://www.facebook.com/10152744718896006/posts/491917154201036"
        }, 
        {
          "name": "Like", 
          "link": "https://www.facebook.com/10152744718896006/posts/491917154201036"
        }
      ], 
      "privacy": {
        "value": "ALL_FRIENDS", 
        "description": "Your friends", 
        "friends": "", 
        "allow": "", 
        "deny": ""
      }, 
      "type": "photo", 
      "status_type": "shared_story", 
      "object_id": "10151408015314130", 
      "created_time": "2013-03-15T08:51:39+0000", 
      "updated_time": "2013-03-15T08:51:39+0000", 
      "shares": {
        "count": 23
      }, 
      "is_hidden": false, 
      "subscribed": true, 
      "likes": {
        "data": [
          {
            "id": "1035641553132108", 
            "name": "Deepak Pandey"
          }, 
          {
            "id": "10203308274980471", 
            "name": "Devendra Singh Lodha"
          }, 
          {
            "id": "969772916375322", 
            "name": "Vivek Pandey"
          }
        ], 
        "paging": {
          "cursors": {
            "after": "OTY5NzcyOTE2Mzc1MzIy", 
            "before": "MTAzNTY0MTU1MzEzMjEwOA=="
          }
        }
      }
    }, 
    {
      "id": "10152744718896006_316936395076203", 
      "from": {
        "id": "10152744718896006", 
        "name": "Mehak Mehta"
      }, 
      "story": "Mehak Mehta shared Indians's photo.", 
      "story_tags": {
        "0": [
          {
            "id": "10152744718896006", 
            "name": "Mehak Mehta", 
            "type": "user", 
            "offset": 0, 
            "length": 11
          }
        ], 
        "19": [
          {
            "id": "201366069982376", 
            "name": "Indians", 
            "type": "page", 
            "offset": 19, 
            "length": 7
          }
        ], 
        "29": [
          {
            "id": "286893798096269", 
            "name": "", 
            "offset": 29, 
            "length": 5
          }
        ]
      }, 
      "picture": "https://scontent.xx.fbcdn.net/hphotos-xfa1/v/t1.0-9/s130x130/525529_286893798096269_1060101518_n.jpg?oh=76aa6126939e12d8fb65ecbae3d85a70&oe=55D0550B", 
      "link": "https://www.facebook.com/indians.indians/photos/a.201371066648543.44028.201366069982376/286893798096269/?type=1", 
      "name": "Indians", 
      "description": "Below Info True Or Fake....Tell Me Frds....\n\nSERVICE TAX At Restaurants - VERY IMPORTANT !!!\nInteresting.\nI find restaurant bills often so confusing,\n...\nI just give up and pay the amount shown n the bottom line.\n\nPerhaps we shouldn't.\n\nIncidentally, I also resent the inclusion of Service Charges in\nrestaurant bills, because it assumes that I was satisfied with the\nservice. Just a matter of principle. Service Charge should be\nsomething I leave behind at my personal discretion.\nI recently demanded that the service charge be removed as the service was non-existent. After a short - very short! - discussion, it was removed. About Service Tax..... Be aware\n\n\nThis happened at the restaurant.\n\nLet me explain.\n\nWe had been to several restaurants recently. I observed that \"service\ntax\" was being misused in the way it was being charged to customers.\n\nLet me give an example.\n- - - - - - - - - - - - - - - - - - -\n\nFood and Beverage = Rs. 1000.00\n\nService Charges @ 10% = Rs. 100.00\n\nService Tax @ 4.94% = Rs. 54.34 (on F&B + Service Charges)\n\nVAT @14.5% = Rs. 145.00\n\nTotal = Rs. 1299.34\n\n\nAs per the definition - \"Service Tax can be charged ONLY for the\n\nservices provided to the customer\".\n\n\nNow, see what is happening here in the above example.\n\n\nService Tax should be charged only on the Service Charge amount i.e\nRs.100 ONLY, and NOT on the entire amount (1000+100).\n\nIn this example, the customer should be charged only Rs 4.94, whereas\nhe has been charged Rs. 49.00 extra.\n\nWhere does this money go?\nOnly the restaurant owner and the chartered accountants who work for them know.\n\n· So, I have started asking them the questions - and am\nsurprised to see the reaction from famous restaurants. Either they\nsay: \"Sir we cannot change the format of the bill - so , we will\nrecalculate and tell you the revised amount. You may pay only that.\"\n\nOR\n\n· \"Sir, you do not need to pay the Service Tax amount itself\"!!\n\nI now have 3 to 4 restaurant bills, but for which I have paid only the\nservice tax on the service charge and NOT on the total amount.\n\n\n\nEvery bill MUST carry the TIN number and Service Tax Number, if they\ncharge it. So . . . , I ask for the Service tax number if it is not\navailable in the receipt that they provide.\n\nAs we cannot go to any government official and ask them to get this\nright - because of our system.\n\nPlease remember - we cannot change any political leader - but we can\nchange ourselves.\n\nIf we change ourselves - things will change.\n\nPlease do share this with every one of your friends and known people.\n\nAsk for the right tax calculation\nand\nPay only the tax which is supposed to be paid.\n\nVerify every bill and receipt that you make payment on.\n\n\"Please share if you think its worth\"\n\nFollow Me For More:  <3 Ganesh Kumar <3", 
      "actions": [
        {
          "name": "Comment", 
          "link": "https://www.facebook.com/10152744718896006/posts/316936395076203"
        }, 
        {
          "name": "Like", 
          "link": "https://www.facebook.com/10152744718896006/posts/316936395076203"
        }
      ], 
      "privacy": {
        "value": "ALL_FRIENDS", 
        "description": "Your friends", 
        "friends": "", 
        "allow": "", 
        "deny": ""
      }, 
      "type": "photo", 
      "status_type": "shared_story", 
      "object_id": "286893798096269", 
      "created_time": "2013-03-07T12:26:46+0000", 
      "updated_time": "2013-03-07T12:26:46+0000", 
      "shares": {
        "count": 1
      }, 
      "is_hidden": false, 
      "subscribed": true, 
      "likes": {
        "data": [
          {
            "id": "10205880510831829", 
            "name": "Pradeep Singh Gailania"
          }, 
          {
            "id": "10205476468930477", 
            "name": "Vikas Garg"
          }, 
          {
            "id": "821573734534035", 
            "name": "Deepak Gaddi"
          }
        ], 
        "paging": {
          "cursors": {
            "after": "ODIxNTczNzM0NTM0MDM1", 
            "before": "MTAyMDU4ODA1MTA4MzE4Mjk="
          }
        }
      }
    }, 
    {
      "id": "10152744718896006_119518981565853", 
      "from": {
        "id": "10152744718896006", 
        "name": "Mehak Mehta"
      }, 
      "message": "good one", 
      "link": "http://www.latimes.com/business/technology/la-fi-tn-youtube-harlem-shake-easter-egg-20130301,0,1470257.story", 
      "name": "YouTube does Harlem Shake with surprise 'Easter egg'", 
      "caption": "latimes.com", 
      "description": "You've seen the Harlem Shake on  YouTube , but have you seen YouTube do the Harlem Shake?", 
      "icon": "https://www.facebook.com/images/icons/post.gif", 
      "actions": [
        {
          "name": "Comment", 
          "link": "https://www.facebook.com/10152744718896006/posts/119518981565853"
        }, 
        {
          "name": "Like", 
          "link": "https://www.facebook.com/10152744718896006/posts/119518981565853"
        }
      ], 
      "privacy": {
        "value": "ALL_FRIENDS", 
        "description": "Your friends", 
        "friends": "", 
        "allow": "", 
        "deny": ""
      }, 
      "type": "link", 
      "status_type": "shared_story", 
      "created_time": "2013-03-02T14:30:04+0000", 
      "updated_time": "2013-03-02T14:30:04+0000", 
      "is_hidden": false, 
      "subscribed": true
    }, 
    {
      "id": "10152744718896006_418698281553911", 
      "from": {
        "id": "10152744718896006", 
        "name": "Mehak Mehta"
      }, 
      "story": "Mehak Mehta shared Test Page's video.", 
      "story_tags": {
        "0": [
          {
            "id": "10152744718896006", 
            "name": "Mehak Mehta", 
            "type": "user", 
            "offset": 0, 
            "length": 11
          }
        ], 
        "19": [
          {
            "id": "130721840389806", 
            "name": "Test Page", 
            "type": "page", 
            "offset": 19, 
            "length": 9
          }
        ], 
        "31": [
          {
            "id": "241188332676489", 
            "name": "", 
            "offset": 31, 
            "length": 5
          }
        ]
      }, 
      "picture": "https://fbcdn-vthumb-a.akamaihd.net/hvthumb-ak-xat1/v/t15.0-10/s130x130/245866_241189076009748_241188332676489_43165_1270_b.jpg?oh=68f5229c9fdbbaed37149cccb249cb12&oe=55C748A7&__gda__=1440616185_b81b4360ad8990a99088e76bd611bef1", 
      "link": "https://www.facebook.com/TestPage60/videos/241188332676489/", 
      "source": "https://scontent.xx.fbcdn.net/hvideo-xpa1/v/t42.1790-2/1190292_373887079406613_39686_n.mp4?efg=eyJxZSI6ImVuY29kZV9vbGRfdG9wX3ZpZGVvX3YyLGVfZnJvbWhkNDI2XzA0MTMiLCJybHIiOjc4MywicmxhIjo1MTJ9&rl=783&vabr=435&oh=317fab7f57710a165c1ea5835369468c&oe=5547CFE4", 
      "name": "Test Page", 
      "description": "Must Watch", 
      "actions": [
        {
          "name": "Comment", 
          "link": "https://www.facebook.com/10152744718896006/posts/418698281553911"
        }, 
        {
          "name": "Like", 
          "link": "https://www.facebook.com/10152744718896006/posts/418698281553911"
        }
      ], 
      "privacy": {
        "value": "ALL_FRIENDS", 
        "description": "Your friends", 
        "friends": "", 
        "allow": "", 
        "deny": ""
      }, 
      "type": "video", 
      "status_type": "shared_story", 
      "created_time": "2013-02-28T13:22:52+0000", 
      "updated_time": "2013-02-28T13:22:52+0000", 
      "is_hidden": false, 
      "subscribed": true
    }
  ], 
  "paging": {
    "previous": "https://graph.facebook.com/v2.3/10152744718896006/feed?limit=25&__paging_token=enc_AdCfRrU3ZCMdmZAvjeXsVHdY6W95nZAICK1USQfnY4UNtm7FbfyYF4SxcBqfDJPYpdYBpdvbuAUenh7gT6hjZBVZCjPVK&since=1394107400", 
    "next": "https://graph.facebook.com/v2.3/10152744718896006/feed?limit=25&__paging_token=enc_AdBZAb5YfQZA9yShJ4oZAwPe3sCz01FJPFNfgl1Ha6GFprR4olaAoA6VPyAJEa1ttr9r8boBNdxmZAMLdgz7RgV3gvz9&until=1362057772"
  }
}