{
  "data": [
    {
      "id": "10152744718896006_10150187900116006", 
      "from": {
        "id": "10203582097463083", 
        "name": "Rëxiie Kohli"
      }, 
      "to": {
        "data": [
          {
            "id": "10152744718896006", 
            "name": "Mehak Mehta"
          }
        ]
      }, 
      "message": "oye", 
      "actions": [
        {
          "name": "Comment", 
          "link": "https://www.facebook.com/10152744718896006/posts/10150187900116006"
        }, 
        {
          "name": "Like", 
          "link": "https://www.facebook.com/10152744718896006/posts/10150187900116006"
        }, 
        {
          "name": "See Friendship", 
          "link": "/profile.php?id=1534775208&and=639501005"
        }
      ], 
      "privacy": {
        "value": "", 
        "description": "", 
        "friends": "", 
        "allow": "", 
        "deny": ""
      }, 
      "type": "status", 
      "status_type": "wall_post", 
      "created_time": "2011-05-21T10:05:09+0000", 
      "updated_time": "2011-05-21T10:05:09+0000", 
      "is_hidden": false, 
      "subscribed": true
    }, 
    {
      "id": "10152744718896006_10150187869881006", 
      "from": {
        "id": "10152744718896006", 
        "name": "Mehak Mehta"
      }, 
      "story": "You changed your profile picture.", 
      "picture": "https://scontent.xx.fbcdn.net/hphotos-ash2/v/t1.0-9/s130x130/229120_10150187869871006_5740031_n.jpg?oh=acb778b3f44f261b1d23fc6662dd30d0&oe=55D16CA6", 
      "link": "https://www.facebook.com/photo.php?fbid=10150187869871006&set=a.429374916005.217877.639501005&type=1", 
      "name": "Mehak Mehta", 
      "icon": "https://www.facebook.com/images/icons/photo.gif", 
      "actions": [
        {
          "name": "Comment", 
          "link": "https://www.facebook.com/10152744718896006/posts/10150187869881006"
        }, 
        {
          "name": "Like", 
          "link": "https://www.facebook.com/10152744718896006/posts/10150187869881006"
        }
      ], 
      "privacy": {
        "value": "FRIENDS_OF_FRIENDS", 
        "description": "Your friends of friends", 
        "friends": "", 
        "allow": "", 
        "deny": ""
      }, 
      "type": "photo", 
      "status_type": "added_photos", 
      "object_id": "10150187869871006", 
      "created_time": "2011-05-21T08:39:04+0000", 
      "updated_time": "2011-05-21T08:39:04+0000", 
      "is_hidden": false, 
      "subscribed": true
    }, 
    {
      "id": "10152744718896006_10150187869531006", 
      "from": {
        "id": "10152744718896006", 
        "name": "Mehak Mehta"
      }, 
      "story": "You changed your profile picture.", 
      "picture": "https://scontent.xx.fbcdn.net/hphotos-xaf1/v/t1.0-9/s130x130/230745_10150187869501006_3666658_n.jpg?oh=a4ad046a43abffd1ca1dc30f6618f7c7&oe=55D194F6", 
      "link": "https://www.facebook.com/photo.php?fbid=10150187869501006&set=a.429374916005.217877.639501005&type=1", 
      "name": "Mehak Mehta", 
      "icon": "https://www.facebook.com/images/icons/photo.gif", 
      "actions": [
        {
          "name": "Comment", 
          "link": "https://www.facebook.com/10152744718896006/posts/10150187869531006"
        }, 
        {
          "name": "Like", 
          "link": "https://www.facebook.com/10152744718896006/posts/10150187869531006"
        }
      ], 
      "privacy": {
        "value": "FRIENDS_OF_FRIENDS", 
        "description": "Your friends of friends", 
        "friends": "", 
        "allow": "", 
        "deny": ""
      }, 
      "type": "photo", 
      "status_type": "added_photos", 
      "object_id": "10150187869501006", 
      "created_time": "2011-05-21T08:37:49+0000", 
      "updated_time": "2011-05-21T08:37:49+0000", 
      "is_hidden": false, 
      "subscribed": true, 
      "likes": {
        "data": [
          {
            "id": "10153067608070982", 
            "name": "Purvi Malhotra Dhingra"
          }
        ], 
        "paging": {
          "cursors": {
            "after": "MTAxNTMwNjc2MDgwNzA5ODI=", 
            "before": "MTAxNTMwNjc2MDgwNzA5ODI="
          }
        }
      }
    }, 
    {
      "id": "10152744718896006_149933441740627", 
      "from": {
        "id": "10152744718896006", 
        "name": "Mehak Mehta"
      }, 
      "story": "Mehak Mehta shared a link.", 
      "story_tags": {
        "0": [
          {
            "id": "10152744718896006", 
            "name": "Mehak Mehta", 
            "type": "user", 
            "offset": 0, 
            "length": 11
          }
        ]
      }, 
      "link": "http://www.youtube.com/watch?v=iiQmg8Sldu8", 
      "source": "https://www.youtube.com/embed/iiQmg8Sldu8?autoplay=1", 
      "name": "Yaar Anmulle - Sharry Mann", 
      "caption": "youtube.com", 
      "description": "Sherry Maan, Yaar Anmulle Bade Chete Ayunde ne Yaar Anmule Hawa De Bulle", 
      "icon": "https://www.facebook.com/images/icons/post.gif", 
      "actions": [
        {
          "name": "Comment", 
          "link": "https://www.facebook.com/10152744718896006/posts/149933441740627"
        }, 
        {
          "name": "Like", 
          "link": "https://www.facebook.com/10152744718896006/posts/149933441740627"
        }
      ], 
      "privacy": {
        "value": "ALL_FRIENDS", 
        "description": "Your friends", 
        "friends": "", 
        "allow": "", 
        "deny": ""
      }, 
      "type": "video", 
      "status_type": "shared_story", 
      "created_time": "2011-04-23T11:58:08+0000", 
      "updated_time": "2011-04-23T11:58:08+0000", 
      "is_hidden": false, 
      "subscribed": true
    }, 
    {
      "id": "10152744718896006_10150222982906006", 
      "from": {
        "id": "861730757189777", 
        "name": "Anshul Pachouri"
      }, 
      "to": {
        "data": [
          {
            "id": "10152744718896006", 
            "name": "Mehak Mehta"
          }
        ]
      }, 
      "message": "Hi, my friend wrote this poem for IIT B Competition.. It is selected in top 10 and will win if you like it on this page...\nhttp://www.cse.iitb.ac.in/~convergence/competitions/sl4.php\nPlease visit, like this and spread the word by sharing it .....", 
      "picture": "https://fbexternal-a.akamaihd.net/safe_image.php?d=AQD2eCdnp32lSRoa&w=130&h=130&url=http%3A%2F%2Fwww.cse.iitb.ac.in%2F%7Econvergence%2Fimages%2Fiitb_logo.png&cfs=1", 
      "link": "http://www.cse.iitb.ac.in/~convergence/competitions/sl4.php", 
      "name": "Convergence2011", 
      "caption": "cse.iitb.ac.in", 
      "icon": "https://www.facebook.com/images/icons/post.gif", 
      "actions": [
        {
          "name": "Comment", 
          "link": "https://www.facebook.com/10152744718896006/posts/10150222982906006"
        }, 
        {
          "name": "Like", 
          "link": "https://www.facebook.com/10152744718896006/posts/10150222982906006"
        }
      ], 
      "privacy": {
        "value": "", 
        "description": "", 
        "friends": "", 
        "allow": "", 
        "deny": ""
      }, 
      "type": "link", 
      "status_type": "shared_story", 
      "created_time": "2011-03-26T15:01:27+0000", 
      "updated_time": "2011-03-26T15:01:27+0000", 
      "is_hidden": false, 
      "subscribed": true
    }, 
    {
      "id": "10152744718896006_10150097061236006", 
      "from": {
        "id": "10203582097463083", 
        "name": "Rëxiie Kohli"
      }, 
      "to": {
        "data": [
          {
            "id": "10152744718896006", 
            "name": "Mehak Mehta"
          }
        ]
      }, 
      "message": "where the f*** is you ?", 
      "actions": [
        {
          "name": "Comment", 
          "link": "https://www.facebook.com/10152744718896006/posts/10150097061236006"
        }, 
        {
          "name": "Like", 
          "link": "https://www.facebook.com/10152744718896006/posts/10150097061236006"
        }, 
        {
          "name": "See Friendship", 
          "link": "/profile.php?id=1534775208&and=639501005"
        }
      ], 
      "privacy": {
        "value": "", 
        "description": "", 
        "friends": "", 
        "allow": "", 
        "deny": ""
      }, 
      "type": "status", 
      "status_type": "wall_post", 
      "created_time": "2011-02-25T07:06:06+0000", 
      "updated_time": "2011-02-25T07:06:06+0000", 
      "is_hidden": false, 
      "subscribed": true
    }, 
    {
      "id": "10152744718896006_10150093781346006", 
      "from": {
        "id": "1035061526523617", 
        "name": "Anoop Shaktawath"
      }, 
      "to": {
        "data": [
          {
            "id": "10152744718896006", 
            "name": "Mehak Mehta"
          }
        ]
      }, 
      "message": "mehak bhaiya .......ki haal chaal he?", 
      "actions": [
        {
          "name": "Comment", 
          "link": "https://www.facebook.com/10152744718896006/posts/10150093781346006"
        }, 
        {
          "name": "Like", 
          "link": "https://www.facebook.com/10152744718896006/posts/10150093781346006"
        }, 
        {
          "name": "See Friendship", 
          "link": "/profile.php?id=100000593389349&and=639501005"
        }
      ], 
      "privacy": {
        "value": "", 
        "description": "", 
        "friends": "", 
        "allow": "", 
        "deny": ""
      }, 
      "type": "status", 
      "status_type": "wall_post", 
      "created_time": "2011-02-20T15:53:03+0000", 
      "updated_time": "2011-02-20T15:53:03+0000", 
      "is_hidden": false, 
      "subscribed": true
    }, 
    {
      "id": "10205874842483983_1711338177050", 
      "from": {
        "id": "10205874842483983", 
        "name": "Akshay Agrawal"
      }, 
      "with_tags": {
        "data": [
          {
            "id": "811824428888107", 
            "name": "Mukesh Dhakar"
          }, 
          {
            "id": "942442215774146", 
            "name": "Rajat Jain"
          }, 
          {
            "id": "766944653351040", 
            "name": "Puneet Chhikara"
          }, 
          {
            "id": "10153311822623919", 
            "name": "Pawan Agarwal"
          }, 
          {
            "id": "10205714299832932", 
            "name": "Nishant Kothari"
          }, 
          {
            "id": "772570706131429", 
            "name": "Kumar Anand"
          }, 
          {
            "id": "10202520627870255", 
            "name": "Saket Mishra"
          }, 
          {
            "id": "915941278466032", 
            "name": "Preeti Khandelwal"
          }, 
          {
            "id": "10153006774919550", 
            "name": "Bhawesh Kurmi"
          }, 
          {
            "id": "1035641553132108", 
            "name": "Deepak Pandey"
          }, 
          {
            "id": "10206906281560205", 
            "name": "Arvind Sharma"
          }, 
          {
            "id": "1035061526523617", 
            "name": "Anoop Shaktawath"
          }, 
          {
            "id": "750819184963094", 
            "name": "Priyanshu Jain"
          }, 
          {
            "id": "10205223416538778", 
            "name": "Sachin Agarwal"
          }, 
          {
            "id": "10203113222504245", 
            "name": "Ashish Sachdev"
          }, 
          {
            "id": "10204095648455993", 
            "name": "Vini Maheshwari"
          }, 
          {
            "id": "10205625999001102", 
            "name": "Ajay Swarnkar"
          }, 
          {
            "id": "10152368291152769", 
            "name": "Deepa Arora"
          }, 
          {
            "id": "954825361216199", 
            "name": "Priyanka Kanther"
          }, 
          {
            "id": "10205224332781119", 
            "name": "Akansha Abhigya Sharma"
          }, 
          {
            "id": "10153370454327932", 
            "name": "Mitesh Lalwani"
          }, 
          {
            "id": "782798078431311", 
            "name": "Sandeep Rathore"
          }, 
          {
            "id": "864003853631062", 
            "name": "Vivek Vijay"
          }, 
          {
            "id": "10202916651957830", 
            "name": "Pritam Nag"
          }, 
          {
            "id": "10152744718896006", 
            "name": "Mehak Mehta"
          }
        ]
      }, 
      "story": "Akshay Agrawal added a new photo — with Mukesh Dhakar and 24 others.", 
      "story_tags": {
        "0": [
          {
            "id": "10205874842483983", 
            "name": "Akshay Agrawal", 
            "type": "user", 
            "offset": 0, 
            "length": 14
          }
        ], 
        "24": [
          {
            "id": "811824428888107", 
            "name": "Mukesh Dhakar", 
            "type": "user", 
            "offset": 24, 
            "length": 13
          }
        ], 
        "42": [
          {
            "id": "942442215774146", 
            "name": "Rajat Jain", 
            "type": "user", 
            "offset": 42, 
            "length": 9
          }, 
          {
            "id": "766944653351040", 
            "name": "Puneet Chhikara", 
            "type": "user", 
            "offset": 42, 
            "length": 9
          }, 
          {
            "id": "10153311822623919", 
            "name": "Pawan Agarwal", 
            "type": "user", 
            "offset": 42, 
            "length": 9
          }, 
          {
            "id": "10205714299832932", 
            "name": "Nishant Kothari", 
            "type": "user", 
            "offset": 42, 
            "length": 9
          }, 
          {
            "id": "772570706131429", 
            "name": "Kumar Anand", 
            "type": "user", 
            "offset": 42, 
            "length": 9
          }, 
          {
            "id": "10202520627870255", 
            "name": "Saket Mishra", 
            "type": "user", 
            "offset": 42, 
            "length": 9
          }, 
          {
            "id": "915941278466032", 
            "name": "Preeti Khandelwal", 
            "type": "user", 
            "offset": 42, 
            "length": 9
          }, 
          {
            "id": "10153006774919550", 
            "name": "Bhawesh Kurmi", 
            "type": "user", 
            "offset": 42, 
            "length": 9
          }, 
          {
            "id": "1035641553132108", 
            "name": "Deepak Pandey", 
            "type": "user", 
            "offset": 42, 
            "length": 9
          }, 
          {
            "id": "10206906281560205", 
            "name": "Arvind Sharma", 
            "type": "user", 
            "offset": 42, 
            "length": 9
          }, 
          {
            "id": "1035061526523617", 
            "name": "Anoop Shaktawath", 
            "type": "user", 
            "offset": 42, 
            "length": 9
          }, 
          {
            "id": "750819184963094", 
            "name": "Priyanshu Jain", 
            "type": "user", 
            "offset": 42, 
            "length": 9
          }, 
          {
            "id": "10205223416538778", 
            "name": "Sachin Agarwal", 
            "type": "user", 
            "offset": 42, 
            "length": 9
          }, 
          {
            "id": "10203113222504245", 
            "name": "Ashish Sachdev", 
            "type": "user", 
            "offset": 42, 
            "length": 9
          }, 
          {
            "id": "10204095648455993", 
            "name": "Vini Maheshwari", 
            "type": "user", 
            "offset": 42, 
            "length": 9
          }, 
          {
            "id": "10205625999001102", 
            "name": "Ajay Swarnkar", 
            "type": "user", 
            "offset": 42, 
            "length": 9
          }, 
          {
            "id": "10152368291152769", 
            "name": "Deepa Arora", 
            "type": "user", 
            "offset": 42, 
            "length": 9
          }, 
          {
            "id": "954825361216199", 
            "name": "Priyanka Kanther", 
            "type": "user", 
            "offset": 42, 
            "length": 9
          }, 
          {
            "id": "10205224332781119", 
            "name": "Akansha Abhigya Sharma", 
            "type": "user", 
            "offset": 42, 
            "length": 9
          }, 
          {
            "id": "10153370454327932", 
            "name": "Mitesh Lalwani", 
            "type": "user", 
            "offset": 42, 
            "length": 9
          }, 
          {
            "id": "782798078431311", 
            "name": "Sandeep Rathore", 
            "type": "user", 
            "offset": 42, 
            "length": 9
          }, 
          {
            "id": "864003853631062", 
            "name": "Vivek Vijay", 
            "type": "user", 
            "offset": 42, 
            "length": 9
          }, 
          {
            "id": "10202916651957830", 
            "name": "Pritam Nag", 
            "type": "user", 
            "offset": 42, 
            "length": 9
          }, 
          {
            "id": "10152744718896006", 
            "name": "Mehak Mehta", 
            "type": "user", 
            "offset": 42, 
            "length": 9
          }
        ]
      }, 
      "picture": "https://fbcdn-sphotos-h-a.akamaihd.net/hphotos-ak-xfa1/v/t1.0-9/s130x130/166224_1711338177050_7325907_n.jpg?oh=68a8e51b7adc6f3048636f0c8d7f665c&oe=55CE9087&__gda__=1439100324_5c82efbd602ece65cfcfb031e6390ede", 
      "link": "https://www.facebook.com/photo.php?fbid=1711338177050&set=p.1711338177050&type=1", 
      "icon": "https://www.facebook.com/images/icons/photo.gif", 
      "actions": [
        {
          "name": "Comment", 
          "link": "https://www.facebook.com/10205874842483983/posts/1711338177050"
        }, 
        {
          "name": "Like", 
          "link": "https://www.facebook.com/10205874842483983/posts/1711338177050"
        }
      ], 
      "privacy": {
        "value": "", 
        "description": "", 
        "friends": "", 
        "allow": "", 
        "deny": ""
      }, 
      "type": "photo", 
      "status_type": "added_photos", 
      "object_id": "1711338177050", 
      "created_time": "2011-02-06T09:49:08+0000", 
      "updated_time": "2013-06-18T11:35:30+0000", 
      "is_hidden": false, 
      "subscribed": true, 
      "likes": {
        "data": [
          {
            "id": "784029424993890", 
            "name": "Puneet Porwal"
          }, 
          {
            "id": "894390683938558", 
            "name": "Shashi Ranjan Mandawat"
          }, 
          {
            "id": "837626792940508", 
            "name": "Neena Vyas"
          }, 
          {
            "id": "10153006774919550", 
            "name": "Bhawesh Kurmi"
          }, 
          {
            "id": "10203930375040205", 
            "name": "Akash Goyal"
          }, 
          {
            "id": "10204529359131459", 
            "name": "Deepesh Verma"
          }, 
          {
            "id": "820094454717223", 
            "name": "Jaya Chauhan"
          }, 
          {
            "id": "855454021181589", 
            "name": "Gagan Juneja"
          }, 
          {
            "id": "940128132698174", 
            "name": "Harsh Chitlangia"
          }, 
          {
            "id": "10204095648455993", 
            "name": "Vini Maheshwari"
          }, 
          {
            "id": "268217720049006", 
            "name": "Chandni Sandhu"
          }, 
          {
            "id": "10203939071466685", 
            "name": "Pooja Arora"
          }, 
          {
            "id": "10152368291152769", 
            "name": "Deepa Arora"
          }, 
          {
            "id": "816903031731083", 
            "name": "Anaya Urada"
          }, 
          {
            "id": "10151972043447385", 
            "name": "Preetesh Dubey"
          }, 
          {
            "id": "10202520627870255", 
            "name": "Saket Mishra"
          }
        ], 
        "paging": {
          "cursors": {
            "after": "MTAyMDI1MjA2Mjc4NzAyNTU=", 
            "before": "Nzg0MDI5NDI0OTkzODkw"
          }
        }
      }, 
      "comments": {
        "data": [
          {
            "id": "1711338177050_1300194", 
            "from": {
              "id": "10204529359131459", 
              "name": "Deepesh Verma"
            }, 
            "message": "@piyush: totally agreed.", 
            "can_remove": false, 
            "created_time": "2010-12-31T08:25:14+0000", 
            "like_count": 0, 
            "user_likes": false
          }, 
          {
            "id": "1711338177050_1300532", 
            "from": {
              "id": "10202815221877120", 
              "name": "Yogesh Dashora"
            }, 
            "message": "kash mein bhi hota...(sad)", 
            "can_remove": false, 
            "created_time": "2010-12-31T12:36:54+0000", 
            "like_count": 0, 
            "user_likes": false
          }, 
          {
            "id": "1711338177050_1300549", 
            "from": {
              "id": "10204629790319902", 
              "name": "Jothiponsundar Radhakrishnan"
            }, 
            "message": "dude amazing presence of mind...i found u in fraction of sec in dis crowd....", 
            "can_remove": false, 
            "created_time": "2010-12-31T13:03:25+0000", 
            "like_count": 0, 
            "user_likes": false
          }, 
          {
            "id": "1711338177050_1322715", 
            "from": {
              "id": "10205874842483983", 
              "name": "Akshay Agrawal"
            }, 
            "message": "@joyti: heheheh dude ..i know y", 
            "can_remove": false, 
            "created_time": "2011-01-08T12:56:40+0000", 
            "like_count": 0, 
            "user_likes": false
          }, 
          {
            "id": "1711338177050_1323337", 
            "from": {
              "id": "1082435238438667", 
              "name": "Umesh Gupta"
            }, 
            "message": "fully agreed with krishnan..", 
            "can_remove": false, 
            "created_time": "2011-01-08T17:32:27+0000", 
            "like_count": 0, 
            "user_likes": false
          }, 
          {
            "id": "1711338177050_1395267", 
            "from": {
              "id": "10153006774919550", 
              "name": "Bhawesh Kurmi"
            }, 
            "message": "BOle to itna bhi manhoos nahi tha ....wo Package thoda kam raha gaya bas \n:-)", 
            "can_remove": false, 
            "created_time": "2011-02-05T20:20:45+0000", 
            "like_count": 0, 
            "user_likes": false
          }, 
          {
            "id": "1711338177050_1396074", 
            "from": {
              "id": "1035641553132108", 
              "name": "Deepak Pandey"
            }, 
            "message": "sab itna bhare baithe hai aise bolega to bahut maar khayega bhanu:)", 
            "can_remove": false, 
            "created_time": "2011-02-06T03:45:37+0000", 
            "like_count": 0, 
            "user_likes": false
          }, 
          {
            "id": "1711338177050_1396118", 
            "from": {
              "id": "10153006774919550", 
              "name": "Bhawesh Kurmi"
            }, 
            "message": "ha ha ha ha ha", 
            "can_remove": false, 
            "created_time": "2011-02-06T04:13:46+0000", 
            "like_count": 0, 
            "user_likes": false
          }, 
          {
            "id": "1711338177050_1397094", 
            "from": {
              "id": "10151972043447385", 
              "name": "Preetesh Dubey"
            }, 
            "message": "cool...me kaha tha is time...hahaha....i was enjoying something at my home at the time of this pic was taken....", 
            "can_remove": false, 
            "created_time": "2011-02-06T15:53:08+0000", 
            "like_count": 0, 
            "user_likes": false
          }, 
          {
            "id": "1711338177050_1399842", 
            "from": {
              "id": "766944653351040", 
              "name": "Puneet Chhikara"
            }, 
            "message": "good to see soo many wonderful friends together....miss u all !", 
            "can_remove": false, 
            "created_time": "2011-02-07T16:15:58+0000", 
            "like_count": 0, 
            "user_likes": false
          }, 
          {
            "id": "1711338177050_3523562", 
            "from": {
              "id": "10152377300487668", 
              "name": "Hemant K Agrawal"
            }, 
            "message": "This was our Grand Fynal year with all Diamond...!!!", 
            "can_remove": false, 
            "created_time": "2013-06-18T11:34:30+0000", 
            "like_count": 0, 
            "user_likes": false
          }, 
          {
            "id": "1711338177050_3523566", 
            "from": {
              "id": "10152377300487668", 
              "name": "Hemant K Agrawal"
            }, 
            "message": "but ab us college me ye simplicity nahi rahi..bahut ganda mahaol ho chuka h vaha ka...really... I shame on that.", 
            "can_remove": false, 
            "created_time": "2013-06-18T11:35:30+0000", 
            "like_count": 0, 
            "user_likes": false
          }
        ], 
        "paging": {
          "cursors": {
            "after": "WTI5dGJXVnVkRjlqZFhKemIzSTZNVEF5TURBNU1qTTJNemt3TmpZNU9USTZNelV5TXpVMk5nPT0=", 
            "before": "WTI5dGJXVnVkRjlqZFhKemIzSTZNVGN4TVRRMk16azRNREU1TlRveE16QXdNVGsw"
          }
        }
      }
    }, 
    {
      "id": "10152744718896006_494422831005", 
      "from": {
        "id": "1035061526523617", 
        "name": "Anoop Shaktawath"
      }, 
      "to": {
        "data": [
          {
            "id": "10152744718896006", 
            "name": "Mehak Mehta"
          }
        ]
      }, 
      "message": "hello mehak bhaiya.....kaise ho????", 
      "actions": [
        {
          "name": "Comment", 
          "link": "https://www.facebook.com/10152744718896006/posts/494422831005"
        }, 
        {
          "name": "Like", 
          "link": "https://www.facebook.com/10152744718896006/posts/494422831005"
        }, 
        {
          "name": "See Friendship", 
          "link": "/profile.php?id=100000593389349&and=639501005"
        }
      ], 
      "privacy": {
        "value": "", 
        "description": "", 
        "friends": "", 
        "allow": "", 
        "deny": ""
      }, 
      "type": "status", 
      "status_type": "wall_post", 
      "created_time": "2011-01-27T14:49:53+0000", 
      "updated_time": "2011-01-27T14:49:53+0000", 
      "is_hidden": false, 
      "subscribed": true
    }, 
    {
      "id": "10205337019177471_1651095929766", 
      "from": {
        "id": "10205337019177471", 
        "name": "Abhinav Sharma"
      }, 
      "with_tags": {
        "data": [
          {
            "id": "10152644584612812", 
            "name": "Sankalp Agarwal"
          }, 
          {
            "id": "894478687281535", 
            "name": "Himanshu Pareek"
          }, 
          {
            "id": "842090705856175", 
            "name": "Gajendra Rathi"
          }, 
          {
            "id": "10153317285237803", 
            "name": "Yellapragada Manognya"
          }, 
          {
            "id": "10202193713511841", 
            "name": "Prashant Rajoria"
          }, 
          {
            "id": "10203578783378363", 
            "name": "Sanjay Chaudhary"
          }, 
          {
            "id": "10152166544625404", 
            "name": "Saurabh Jha"
          }, 
          {
            "id": "10154788863880276", 
            "name": "Varun Lunia"
          }, 
          {
            "id": "976957952338226", 
            "name": "Vishnu Agarwal"
          }, 
          {
            "id": "828453123857732", 
            "name": "Sunil Saini"
          }, 
          {
            "id": "933041623414142", 
            "name": "Vinod Sharma"
          }, 
          {
            "id": "940844789301697", 
            "name": "Sudhir Kumawat"
          }, 
          {
            "id": "969313273099736", 
            "name": "Shipra Kaushik Mathur"
          }, 
          {
            "id": "1060874367274580", 
            "name": "Ritesh Gupta"
          }, 
          {
            "id": "716696658366630", 
            "name": "Shailendra Sharma"
          }, 
          {
            "id": "960086697355249", 
            "name": "Vipin Tambi"
          }, 
          {
            "id": "10154939517155271", 
            "name": "Rohit Batwada"
          }, 
          {
            "id": "10205777333645074", 
            "name": "Rohit Gupta"
          }, 
          {
            "id": "914048278613431", 
            "name": "Rishi Saraswat"
          }, 
          {
            "id": "893427147370696", 
            "name": "Rajat Bansal"
          }, 
          {
            "id": "10204291865553676", 
            "name": "Er Rohit Kumar Kashyap"
          }, 
          {
            "id": "10206447306770606", 
            "name": "Nolan Goldsmith"
          }, 
          {
            "id": "635237759892039", 
            "name": "Prince Kumar"
          }, 
          {
            "id": "10201703442083063", 
            "name": "Priya Gupta"
          }, 
          {
            "id": "10206913907025271", 
            "name": "Harsh Solanki"
          }, 
          {
            "id": "10153142752991907", 
            "name": "Rohish Yadav"
          }, 
          {
            "id": "906477649412863", 
            "name": "Hitesh Daderwal"
          }, 
          {
            "id": "961722233846055", 
            "name": "Himesh Gupta"
          }, 
          {
            "id": "815710278483702", 
            "name": "Deepesh Sharma"
          }, 
          {
            "id": "897127410329826", 
            "name": "Dipti Sharma"
          }, 
          {
            "id": "10152594514978661", 
            "name": "Jerome Johnson"
          }, 
          {
            "id": "4495310157088", 
            "name": "Himanshu Garg"
          }, 
          {
            "id": "10205600698490005", 
            "name": "Naveen Sharma"
          }, 
          {
            "id": "946614292057448", 
            "name": "Indresh Chandel"
          }, 
          {
            "id": "10152744718896006", 
            "name": "Mehak Mehta"
          }, 
          {
            "id": "10203812080570701", 
            "name": "Meet Gupta"
          }, 
          {
            "id": "10155543253165385", 
            "name": "Nitin Jagetia"
          }, 
          {
            "id": "10152928797778245", 
            "name": "Nipun Dixit"
          }, 
          {
            "id": "947575908593010", 
            "name": "Puneet Chibber"
          }
        ]
      }, 
      "message": "Happy New Year to All my Friends!!", 
      "picture": "https://scontent.xx.fbcdn.net/hphotos-xfa1/v/t1.0-9/s130x130/163479_1651095929766_2244833_n.jpg?oh=c28dd1f78261d9ce2c2ef1c9740b02aa&oe=55DB3B64", 
      "link": "https://www.facebook.com/photo.php?fbid=1651095929766&set=p.1651095929766&type=1", 
      "icon": "https://www.facebook.com/images/icons/photo.gif", 
      "actions": [
        {
          "name": "Comment", 
          "link": "https://www.facebook.com/10205337019177471/posts/1651095929766"
        }, 
        {
          "name": "Like", 
          "link": "https://www.facebook.com/10205337019177471/posts/1651095929766"
        }
      ], 
      "privacy": {
        "value": "", 
        "description": "", 
        "friends": "", 
        "allow": "", 
        "deny": ""
      }, 
      "type": "photo", 
      "status_type": "added_photos", 
      "object_id": "1651095929766", 
      "created_time": "2011-01-01T04:57:28+0000", 
      "updated_time": "2011-01-01T05:58:56+0000", 
      "is_hidden": false, 
      "subscribed": true, 
      "likes": {
        "data": [
          {
            "id": "10154939517155271", 
            "name": "Rohit Batwada"
          }, 
          {
            "id": "10203617334187310", 
            "name": "Pallavi Singh"
          }, 
          {
            "id": "10152594514978661", 
            "name": "Jerome Johnson"
          }
        ], 
        "paging": {
          "cursors": {
            "after": "MTAxNTI1OTQ1MTQ5Nzg2NjE=", 
            "before": "MTAxNTQ5Mzk1MTcxNTUyNzE="
          }
        }
      }, 
      "comments": {
        "data": [
          {
            "id": "1651095929766_1000440", 
            "from": {
              "id": "10205337019177471", 
              "name": "Abhinav Sharma"
            }, 
            "message": "New Year is the time to unfold new horizons and realize new dreams, to rediscover the strengths and faith within you, to rejoice in simple pleasures and gear up for a new challenge. Wishing you a truly fulfilling New Year.", 
            "can_remove": false, 
            "created_time": "2011-01-01T04:55:25+0000", 
            "like_count": 0, 
            "user_likes": false
          }, 
          {
            "id": "1651095929766_1000451", 
            "from": {
              "id": "906477649412863", 
              "name": "Hitesh Daderwal"
            }, 
            "message": "jo bhi likha h achha likha h\nsame 2 u", 
            "can_remove": false, 
            "created_time": "2011-01-01T05:09:57+0000", 
            "like_count": 0, 
            "user_likes": false
          }, 
          {
            "id": "1651095929766_1000490", 
            "from": {
              "id": "1104491362898016", 
              "name": "Ankit Agrawal"
            }, 
            "message": "Happy New Year Abhinav", 
            "can_remove": false, 
            "created_time": "2011-01-01T05:58:56+0000", 
            "like_count": 0, 
            "user_likes": false
          }
        ], 
        "paging": {
          "cursors": {
            "after": "WTI5dGJXVnVkRjlqZFhKemIzSTZNVFkxTVRFMk1qYzNNVFF6TnpveE1EQXdORGt3", 
            "before": "WTI5dGJXVnVkRjlqZFhKemIzSTZNVFkxTVRBNU5qSXdPVGMzTXpveE1EQXdORFF3"
          }
        }
      }
    }, 
    {
      "id": "10152744718896006_476750611005", 
      "from": {
        "id": "1001968899828059", 
        "name": "Sumit Maheshwari"
      }, 
      "story": "Sumit Maheshwari and 16 others wrote on your timeline.", 
      "privacy": {
        "value": "", 
        "description": "", 
        "friends": "", 
        "allow": "", 
        "deny": ""
      }, 
      "type": "status", 
      "status_type": "wall_post", 
      "created_time": "2010-12-21T18:20:39+0000", 
      "updated_time": "2010-12-21T18:20:39+0000", 
      "is_hidden": false
    }, 
    {
      "id": "10153067608070982_463153115981", 
      "from": {
        "id": "10153067608070982", 
        "name": "Purvi Malhotra Dhingra"
      }, 
      "with_tags": {
        "data": [
          {
            "id": "961459393886863", 
            "name": "Muskan Mehta"
          }, 
          {
            "id": "10152744718896006", 
            "name": "Mehak Mehta"
          }
        ]
      }, 
      "story": "Purvi Malhotra Dhingra added a new photo — with Muskan Mehta and Mehak Mehta at Bhangarh.", 
      "story_tags": {
        "0": [
          {
            "id": "10153067608070982", 
            "name": "Purvi Malhotra Dhingra", 
            "type": "user", 
            "offset": 0, 
            "length": 22
          }
        ], 
        "32": [
          {
            "id": "961459393886863", 
            "name": "Muskan Mehta", 
            "type": "user", 
            "offset": 32, 
            "length": 12
          }
        ], 
        "49": [
          {
            "id": "10152744718896006", 
            "name": "Mehak Mehta", 
            "type": "user", 
            "offset": 49, 
            "length": 11
          }
        ], 
        "64": [
          {
            "id": "207358905992889", 
            "name": "Bhangarh", 
            "type": "page", 
            "offset": 64, 
            "length": 8
          }
        ]
      }, 
      "picture": "https://fbcdn-sphotos-b-a.akamaihd.net/hphotos-ak-xap1/v/t1.0-9/s130x130/149751_463153115981_3629564_n.jpg?oh=8edff53cf1e8315512795f56884af972&oe=55CDAD90&__gda__=1438862410_d340121a7795fc2c45379007af14bfd8", 
      "link": "https://www.facebook.com/photo.php?fbid=463153115981&set=p.463153115981&type=1", 
      "icon": "https://www.facebook.com/images/icons/photo.gif", 
      "actions": [
        {
          "name": "Comment", 
          "link": "https://www.facebook.com/10153067608070982/posts/463153115981"
        }, 
        {
          "name": "Like", 
          "link": "https://www.facebook.com/10153067608070982/posts/463153115981"
        }
      ], 
      "privacy": {
        "value": "", 
        "description": "", 
        "friends": "", 
        "allow": "", 
        "deny": ""
      }, 
      "place": {
        "id": "207358905992889", 
        "name": "Bhangarh", 
        "location": {
          "latitude": 27.096206113133, 
          "longitude": 76.295907550395, 
          "street": "Rajasthan"
        }
      }, 
      "type": "photo", 
      "status_type": "added_photos", 
      "object_id": "463153115981", 
      "created_time": "2010-11-09T16:53:40+0000", 
      "updated_time": "2010-11-09T16:53:40+0000", 
      "is_hidden": false, 
      "subscribed": true
    }, 
    {
      "id": "10152744718896006_439781746005", 
      "from": {
        "id": "1035061526523617", 
        "name": "Anoop Shaktawath"
      }, 
      "to": {
        "data": [
          {
            "id": "10152744718896006", 
            "name": "Mehak Mehta"
          }
        ]
      }, 
      "message": "mehak bhaiya kaise ho yaar........", 
      "actions": [
        {
          "name": "Comment", 
          "link": "https://www.facebook.com/10152744718896006/posts/439781746005"
        }, 
        {
          "name": "Like", 
          "link": "https://www.facebook.com/10152744718896006/posts/439781746005"
        }, 
        {
          "name": "See Friendship", 
          "link": "/profile.php?id=100000593389349&and=639501005"
        }
      ], 
      "privacy": {
        "value": "", 
        "description": "", 
        "friends": "", 
        "allow": "", 
        "deny": ""
      }, 
      "type": "status", 
      "status_type": "wall_post", 
      "created_time": "2010-10-02T17:35:59+0000", 
      "updated_time": "2010-10-02T17:35:59+0000", 
      "is_hidden": false, 
      "subscribed": true
    }, 
    {
      "id": "10152744718896006_151085248259844", 
      "from": {
        "id": "10152744718896006", 
        "name": "Mehak Mehta"
      }, 
      "message": "CWG venues are world class we should be proud of it", 
      "picture": "https://fbexternal-a.akamaihd.net/safe_image.php?d=AQBHA5W_m3JrcjrK&w=130&h=130&url=http%3A%2F%2Fwww.cwgdelhi2010.org%2Fsites%2Fdefault%2Ffiles%2Fimagecache%2Fhomepage_bottom_banners%2Frotor%2Fbanner_games_village.jpg&cfs=1", 
      "link": "http://shar.es/0jGxw", 
      "name": "Venues | Commonwealth Games 2010 Delhi", 
      "caption": "cwgdelhi2010.org", 
      "icon": "https://www.facebook.com/images/icons/post.gif", 
      "actions": [
        {
          "name": "Comment", 
          "link": "https://www.facebook.com/10152744718896006/posts/151085248259844"
        }, 
        {
          "name": "Like", 
          "link": "https://www.facebook.com/10152744718896006/posts/151085248259844"
        }
      ], 
      "privacy": {
        "value": "ALL_FRIENDS", 
        "description": "Your friends", 
        "friends": "", 
        "allow": "", 
        "deny": ""
      }, 
      "type": "link", 
      "status_type": "shared_story", 
      "created_time": "2010-10-02T12:34:04+0000", 
      "updated_time": "2010-10-02T12:34:04+0000", 
      "is_hidden": false, 
      "subscribed": true
    }, 
    {
      "id": "10152744718896006_429605031005", 
      "from": {
        "id": "10203582097463083", 
        "name": "Rëxiie Kohli"
      }, 
      "to": {
        "data": [
          {
            "id": "10152744718896006", 
            "name": "Mehak Mehta"
          }
        ]
      }, 
      "message": "where are you baba?", 
      "actions": [
        {
          "name": "Comment", 
          "link": "https://www.facebook.com/10152744718896006/posts/429605031005"
        }, 
        {
          "name": "Like", 
          "link": "https://www.facebook.com/10152744718896006/posts/429605031005"
        }, 
        {
          "name": "See Friendship", 
          "link": "/profile.php?id=1534775208&and=639501005"
        }
      ], 
      "privacy": {
        "value": "", 
        "description": "", 
        "friends": "", 
        "allow": "", 
        "deny": ""
      }, 
      "type": "status", 
      "status_type": "wall_post", 
      "created_time": "2010-09-04T01:55:40+0000", 
      "updated_time": "2010-09-04T01:55:40+0000", 
      "is_hidden": false, 
      "subscribed": true
    }, 
    {
      "id": "10205714299832932_1449419311657", 
      "from": {
        "id": "10205714299832932", 
        "name": "Nishant Kothari"
      }, 
      "with_tags": {
        "data": [
          {
            "id": "1035061526523617", 
            "name": "Anoop Shaktawath"
          }, 
          {
            "id": "10152744718896006", 
            "name": "Mehak Mehta"
          }
        ]
      }, 
      "story": "Nishant Kothari added a new photo — with Anoop Shaktawath and Mehak Mehta.", 
      "story_tags": {
        "0": [
          {
            "id": "10205714299832932", 
            "name": "Nishant Kothari", 
            "type": "user", 
            "offset": 0, 
            "length": 15
          }
        ], 
        "25": [
          {
            "id": "1035061526523617", 
            "name": "Anoop Shaktawath", 
            "type": "user", 
            "offset": 25, 
            "length": 16
          }
        ], 
        "46": [
          {
            "id": "10152744718896006", 
            "name": "Mehak Mehta", 
            "type": "user", 
            "offset": 46, 
            "length": 11
          }
        ]
      }, 
      "picture": "https://fbcdn-sphotos-d-a.akamaihd.net/hphotos-ak-xfa1/v/t1.0-9/s130x130/30231_1449419311657_1609635_n.jpg?oh=4862e584d8df9429e2a1304cd4fbe271&oe=55D7AC29&__gda__=1439814741_c5946d5e54c6d9eace65592e571c0779", 
      "link": "https://www.facebook.com/photo.php?fbid=1449419311657&set=p.1449419311657&type=1", 
      "icon": "https://www.facebook.com/images/icons/photo.gif", 
      "actions": [
        {
          "name": "Comment", 
          "link": "https://www.facebook.com/10205714299832932/posts/1449419311657"
        }, 
        {
          "name": "Like", 
          "link": "https://www.facebook.com/10205714299832932/posts/1449419311657"
        }
      ], 
      "privacy": {
        "value": "", 
        "description": "", 
        "friends": "", 
        "allow": "", 
        "deny": ""
      }, 
      "type": "photo", 
      "status_type": "added_photos", 
      "object_id": "1449419311657", 
      "created_time": "2010-08-16T14:51:06+0000", 
      "updated_time": "2011-01-29T05:16:09+0000", 
      "is_hidden": false, 
      "subscribed": true, 
      "likes": {
        "data": [
          {
            "id": "10202520627870255", 
            "name": "Saket Mishra"
          }, 
          {
            "id": "10205425531470848", 
            "name": "Mukesh Ramani"
          }
        ], 
        "paging": {
          "cursors": {
            "after": "MTAyMDU0MjU1MzE0NzA4NDg=", 
            "before": "MTAyMDI1MjA2Mjc4NzAyNTU="
          }
        }
      }, 
      "comments": {
        "data": [
          {
            "id": "1449419311657_1365823", 
            "from": {
              "id": "766944653351040", 
              "name": "Puneet Chhikara"
            }, 
            "message": "mehta saab bahut khush lag rhe hain...kya raaz hai... !!!", 
            "can_remove": false, 
            "created_time": "2011-01-24T13:14:05+0000", 
            "like_count": 0, 
            "user_likes": false
          }, 
          {
            "id": "1449419311657_1377131", 
            "from": {
              "id": "10152744718896006", 
              "name": "Mehak Mehta"
            }, 
            "message": "abe ye last new year ki pics hai khoob masti ki thi tab", 
            "can_remove": true, 
            "created_time": "2011-01-29T05:16:09+0000", 
            "like_count": 0, 
            "user_likes": false
          }
        ], 
        "paging": {
          "cursors": {
            "after": "WTI5dGJXVnVkRjlqZFhKemIzSTZNVGMxT0RnME5UWTBOekV5TWpveE16YzNNVE14", 
            "before": "WTI5dGJXVnVkRjlqZFhKemIzSTZNVGMxTVRZd056SXlOakUyTmpveE16WTFPREl6"
          }
        }
      }
    }, 
    {
      "id": "10152744718896006_408752536005", 
      "from": {
        "id": "10152754878728906", 
        "name": "Venkiteswaran Kytharam Chidambaram"
      }, 
      "to": {
        "data": [
          {
            "id": "10152744718896006", 
            "name": "Mehak Mehta"
          }
        ]
      }, 
      "message": "Aur boss, Kya haal hey", 
      "actions": [
        {
          "name": "Comment", 
          "link": "https://www.facebook.com/10152744718896006/posts/408752536005"
        }, 
        {
          "name": "Like", 
          "link": "https://www.facebook.com/10152744718896006/posts/408752536005"
        }, 
        {
          "name": "See Friendship", 
          "link": "/profile.php?id=599783905&and=639501005"
        }
      ], 
      "privacy": {
        "value": "", 
        "description": "", 
        "friends": "", 
        "allow": "", 
        "deny": ""
      }, 
      "type": "status", 
      "status_type": "wall_post", 
      "created_time": "2010-06-29T18:31:30+0000", 
      "updated_time": "2010-06-29T18:31:30+0000", 
      "is_hidden": false, 
      "subscribed": true
    }, 
    {
      "id": "10152744718896006_381707361005", 
      "from": {
        "id": "10205914131749979", 
        "name": "Ashish Kumar Jain"
      }, 
      "to": {
        "data": [
          {
            "id": "10152744718896006", 
            "name": "Mehak Mehta"
          }
        ]
      }, 
      "message": "hiiiiiiii", 
      "actions": [
        {
          "name": "Comment", 
          "link": "https://www.facebook.com/10152744718896006/posts/381707361005"
        }, 
        {
          "name": "Like", 
          "link": "https://www.facebook.com/10152744718896006/posts/381707361005"
        }, 
        {
          "name": "See Friendship", 
          "link": "/profile.php?id=1159659225&and=639501005"
        }
      ], 
      "privacy": {
        "value": "", 
        "description": "", 
        "friends": "", 
        "allow": "", 
        "deny": ""
      }, 
      "type": "status", 
      "status_type": "wall_post", 
      "created_time": "2010-03-26T11:10:36+0000", 
      "updated_time": "2010-03-26T11:10:36+0000", 
      "is_hidden": false, 
      "subscribed": true
    }, 
    {
      "id": "10152744718896006_218968861005", 
      "from": {
        "id": "10152856477405751", 
        "name": "Vibhor Goyal"
      }, 
      "story": "Vibhor Goyal and 2 others wrote on your timeline.", 
      "privacy": {
        "value": "", 
        "description": "", 
        "friends": "", 
        "allow": "", 
        "deny": ""
      }, 
      "type": "status", 
      "status_type": "wall_post", 
      "created_time": "2009-12-21T17:35:46+0000", 
      "updated_time": "2009-12-21T17:35:46+0000", 
      "is_hidden": false
    }, 
    {
      "id": "10203582097463083_1256186694840", 
      "from": {
        "id": "10203582097463083", 
        "name": "Rëxiie Kohli"
      }, 
      "with_tags": {
        "data": [
          {
            "id": "10152744718896006", 
            "name": "Mehak Mehta"
          }
        ]
      }, 
      "story": "Rëxiie Kohli added a new photo — with Mehak Mehta.", 
      "story_tags": {
        "0": [
          {
            "id": "10203582097463083", 
            "name": "Rëxiie Kohli", 
            "type": "user", 
            "offset": 0, 
            "length": 12
          }
        ], 
        "22": [
          {
            "id": "10152744718896006", 
            "name": "Mehak Mehta", 
            "type": "user", 
            "offset": 22, 
            "length": 11
          }
        ]
      }, 
      "picture": "https://scontent.xx.fbcdn.net/hphotos-xfp1/v/t1.0-9/s130x130/1913587_1256186694840_5639129_n.jpg?oh=29492786a628a16be3dc2411772b4958&oe=55CB52FB", 
      "link": "https://www.facebook.com/photo.php?fbid=1256186694840&set=p.1256186694840&type=1", 
      "icon": "https://www.facebook.com/images/icons/photo.gif", 
      "actions": [
        {
          "name": "Comment", 
          "link": "https://www.facebook.com/10203582097463083/posts/1256186694840"
        }, 
        {
          "name": "Like", 
          "link": "https://www.facebook.com/10203582097463083/posts/1256186694840"
        }
      ], 
      "privacy": {
        "value": "", 
        "description": "", 
        "friends": "", 
        "allow": "", 
        "deny": ""
      }, 
      "type": "photo", 
      "status_type": "added_photos", 
      "object_id": "1256186694840", 
      "created_time": "2009-11-20T20:03:47+0000", 
      "updated_time": "2009-11-20T20:03:47+0000", 
      "is_hidden": false, 
      "subscribed": true
    }, 
    {
      "id": "10152744718896006_90894176165", 
      "from": {
        "id": "10152744718896006", 
        "name": "Mehak Mehta"
      }, 
      "message": "in search of a life", 
      "actions": [
        {
          "name": "Comment", 
          "link": "https://www.facebook.com/10152744718896006/posts/90894176165"
        }, 
        {
          "name": "Like", 
          "link": "https://www.facebook.com/10152744718896006/posts/90894176165"
        }
      ], 
      "privacy": {
        "value": "ALL_FRIENDS", 
        "description": "Your friends", 
        "friends": "", 
        "allow": "", 
        "deny": ""
      }, 
      "type": "status", 
      "status_type": "mobile_status_update", 
      "created_time": "2009-06-11T15:33:34+0000", 
      "updated_time": "2009-06-11T15:33:34+0000", 
      "is_hidden": false, 
      "subscribed": true
    }
  ], 
  "paging": {
    "previous": "https://graph.facebook.com/v2.3/10152744718896006/feed?limit=25&__paging_token=enc_AdCO8i0FeFO6QNN6QUKCbr6y1100cEqDBZC9rG9NamzkMjjtM3WFzwyfs71a6wQ1pxqyZBOU4Qjai1qo4lZBrrxbJsK&since=1305972309", 
    "next": "https://graph.facebook.com/v2.3/10152744718896006/feed?limit=25&__paging_token=enc_AdAcfwxYP6Qrws9ip0SbcqiywIoMyqdghgroqMakv29fTn6RdE3Mo8sKEzghFZAg1ZABeQwy44jbjZBVMQ3fQjbXUgj&until=1244734414"
  }
}