{
  "data": [
    {
      "id": "1385431999290", 
      "to": {
        "data": [
          {
            "id": "870769909612050", 
            "name": "Anshu Tomar"
          }, 
          {
            "id": "10204961141961185", 
            "name": "Amit Khandelwal"
          }
        ]
      }, 
      "updated_time": "2010-06-28T18:09:35+0000", 
      "unread": 0, 
      "unseen": 0, 
      "comments": {
        "data": [
          {
            "id": "1385431999290_1277748575", 
            "from": {
              "id": "870769909612050", 
              "name": "Anshu Tomar"
            }, 
            "message": "hi bhaiya..", 
            "created_time": "2010-06-28T18:09:35+0000"
          }
        ], 
        "paging": {
          "previous": "https://graph.facebook.com/v2.3/1385431999290/comments?limit=25&since=1277748575&__paging_token=enc_AdBIZCNeRy0O3q8ugo3GZBRZCTHz433isZBvZCu8MowdEt3zc7TZCBsIKLBXICCFnf8VpSahi9aHC2rwZBOX76C48TW7oi2", 
          "next": "https://graph.facebook.com/v2.3/1385431999290/comments?limit=25&until=1277748575&__paging_token=enc_AdBIZCNeRy0O3q8ugo3GZBRZCTHz433isZBvZCu8MowdEt3zc7TZCBsIKLBXICCFnf8VpSahi9aHC2rwZBOX76C48TW7oi2"
        }
      }
    }
  ], 
  "paging": {
    "previous": "https://graph.facebook.com/v2.3/10204961141961185/inbox?limit=25&__paging_token=enc_AdBB1FAixBsyyM9xGUqhiKLpZCLdehdPV7XIq6VqZAkvWEhfHZC36aWHATrCIVfbSDBPaYZD&since=1277748575", 
    "next": "https://graph.facebook.com/v2.3/10204961141961185/inbox?limit=25&__paging_token=enc_AdBB1FAixBsyyM9xGUqhiKLpZCLdehdPV7XIq6VqZAkvWEhfHZC36aWHATrCIVfbSDBPaYZD&until=1277748575"
  }, 
  "summary": {
    "unseen_count": 0, 
    "unread_count": 13, 
    "updated_time": "2015-05-01T22:50:39+0000"
  }
}
